{
  "project_info": {
    "project_number": "338520564546",
    "firebase_url": "https://radiance-registration-946da.firebaseio.com",
    "project_id": "radiance-registration-946da",
    "storage_bucket": "radiance-registration-946da.appspot.com"
  },
  "client": [
    {
      "client_info": {
        "mobilesdk_app_id": "1:338520564546:android:4a8a0cee39fa85e45a5edb",
        "android_client_info": {
          "package_name": "com.pascw.radianceregistration"
        }
      },
      "oauth_client": [
        {
          "client_id": "338520564546-o3bo8a0oe5t1k9k1dd6mss06ag72173a.apps.googleusercontent.com",
          "client_type": 1,
          "android_info": {
            "package_name": "com.pascw.radianceregistration",
            "certificate_hash": "6df5a1ab87b00e743cc372849ce515dee24073cb"
          }
        },
        {
          "client_id": "338520564546-4a2abaec21b7jpvhnakov1ft0smn1hc1.apps.googleusercontent.com",
          "client_type": 3
        }
      ],
      "api_key": [
        {
          "current_key": "AIzaSyAurHjTxGHCap7N_W9ScK5gYgu1cEBXHlw"
        }
      ],
      "services": {
        "appinvite_service": {
          "other_platform_oauth_client": [
            {
              "client_id": "338520564546-4a2abaec21b7jpvhnakov1ft0smn1hc1.apps.googleusercontent.com",
              "client_type": 3
            }
          ]
        }
      }
    }
  ],
  "configuration_version": "1"
}