{"v":"5.5.9","fr":29.9700012207031,"ip":6.00000024438501,"op":360.000014663101,"w":720,"h":144,"nm":"Comp 1","ddd":0,"assets":[],"layers":[{"ddd":0,"ind":4,"ty":4,"nm":"Shape Layer 39","sr":1,"ks":{"o":{"a":1,"k":[{"i":{"x":[0.833],"y":[0.833]},"o":{"x":[0.167],"y":[0.167]},"t":342,"s":[62]},{"i":{"x":[0.833],"y":[0.833]},"o":{"x":[0.167],"y":[0.167]},"t":347,"s":[61]},{"i":{"x":[0.833],"y":[0.833]},"o":{"x":[0.167],"y":[0.167]},"t":361,"s":[100]},{"t":379.000015436986,"s":[59]}],"ix":11},"r":{"a":0,"k":0,"ix":10},"p":{"a":1,"k":[{"i":{"x":0.562,"y":0.788},"o":{"x":0.167,"y":0.167},"t":285,"s":[272.5,-17.5,0],"to":[0,0,0],"ti":[-65.202,-13.933,0]},{"i":{"x":0.668,"y":0.598},"o":{"x":0.308,"y":0.205},"t":309,"s":[390.22,-21.893,0],"to":[34.094,-1.281,0],"ti":[-35,-24.5,0]},{"i":{"x":0.833,"y":0.833},"o":{"x":0.428,"y":0.411},"t":343.195,"s":[493.5,41,0],"to":[35,24.5,0],"ti":[-33,-54.577,0]},{"i":{"x":0.833,"y":0.833},"o":{"x":0.167,"y":0.167},"t":375,"s":[615.5,112,0],"to":[82,66.5,0],"ti":[-0.333,-0.167,0]},{"t":388.000015803564,"s":[690.5,148,0]}],"ix":2},"a":{"a":0,"k":[-161.992,16.008,0],"ix":1},"s":{"a":1,"k":[{"i":{"x":[0.833,0.833,0.833],"y":[0.833,0.833,0.833]},"o":{"x":[0.167,0.167,0.167],"y":[0.167,0.167,0.167]},"t":285,"s":[57,57,100]},{"i":{"x":[0.833,0.833,0.833],"y":[0.833,0.833,0.833]},"o":{"x":[0.167,0.167,0.167],"y":[0.167,0.167,0.167]},"t":325,"s":[47.655,47.655,100]},{"t":347.0000141336,"s":[40.655,40.655,100]}],"ix":6}},"ao":0,"shapes":[{"ty":"gr","it":[{"ind":0,"ty":"sh","ix":1,"ks":{"a":0,"k":{"i":[[9.945,0],[0,-9.945],[-9.945,0],[0,9.945]],"o":[[-9.945,0],[0,9.945],[9.945,0],[0,-9.945]],"v":[[0,-18.008],[-18.008,0],[0,18.008],[18.008,0]],"c":true},"ix":2},"nm":"Path 1","mn":"ADBE Vector Shape - Group","hd":false},{"ty":"fl","c":{"a":0,"k":[1,1,1,1],"ix":4},"o":{"a":0,"k":100,"ix":5},"r":1,"bm":0,"nm":"Fill 1","mn":"ADBE Vector Graphic - Fill","hd":false},{"ty":"tr","p":{"a":0,"k":[-161.992,16.008],"ix":2},"a":{"a":0,"k":[0,0],"ix":1},"s":{"a":0,"k":[33.44,33.44],"ix":3},"r":{"a":0,"k":0,"ix":6},"o":{"a":0,"k":100,"ix":7},"sk":{"a":0,"k":0,"ix":4},"sa":{"a":0,"k":0,"ix":5},"nm":"Transform"}],"nm":"Ellipse 1","np":3,"cix":2,"bm":0,"ix":1,"mn":"ADBE Vector Group","hd":false}],"ip":285.000011608288,"op":360.000014663101,"st":285.000011608288,"bm":0},{"ddd":0,"ind":5,"ty":4,"nm":"Shape Layer 26","sr":1,"ks":{"o":{"a":1,"k":[{"i":{"x":[0.833],"y":[0.833]},"o":{"x":[0.167],"y":[0.167]},"t":236,"s":[62]},{"i":{"x":[0.833],"y":[0.833]},"o":{"x":[0.167],"y":[0.167]},"t":241,"s":[61]},{"i":{"x":[0.833],"y":[0.833]},"o":{"x":[0.167],"y":[0.167]},"t":255,"s":[100]},{"t":273.000011119518,"s":[59]}],"ix":11},"r":{"a":0,"k":0,"ix":10},"p":{"a":1,"k":[{"i":{"x":0.562,"y":0.788},"o":{"x":0.167,"y":0.167},"t":179,"s":[272.5,-17.5,0],"to":[0,0,0],"ti":[-65.202,-13.933,0]},{"i":{"x":0.668,"y":0.598},"o":{"x":0.308,"y":0.205},"t":203,"s":[390.22,-21.893,0],"to":[34.094,-1.281,0],"ti":[-35,-24.5,0]},{"i":{"x":0.833,"y":0.833},"o":{"x":0.428,"y":0.411},"t":237.195,"s":[493.5,41,0],"to":[35,24.5,0],"ti":[-33,-54.577,0]},{"i":{"x":0.833,"y":0.833},"o":{"x":0.167,"y":0.167},"t":269,"s":[615.5,112,0],"to":[82,66.5,0],"ti":[-0.333,-0.167,0]},{"t":282.000011486096,"s":[690.5,148,0]}],"ix":2},"a":{"a":0,"k":[-161.992,16.008,0],"ix":1},"s":{"a":1,"k":[{"i":{"x":[0.833,0.833,0.833],"y":[0.833,0.833,0.833]},"o":{"x":[0.167,0.167,0.167],"y":[0.167,0.167,0.167]},"t":179,"s":[57,57,100]},{"i":{"x":[0.833,0.833,0.833],"y":[0.833,0.833,0.833]},"o":{"x":[0.167,0.167,0.167],"y":[0.167,0.167,0.167]},"t":219,"s":[47.655,47.655,100]},{"t":241.000009816131,"s":[40.655,40.655,100]}],"ix":6}},"ao":0,"shapes":[{"ty":"gr","it":[{"ind":0,"ty":"sh","ix":1,"ks":{"a":0,"k":{"i":[[9.945,0],[0,-9.945],[-9.945,0],[0,9.945]],"o":[[-9.945,0],[0,9.945],[9.945,0],[0,-9.945]],"v":[[0,-18.008],[-18.008,0],[0,18.008],[18.008,0]],"c":true},"ix":2},"nm":"Path 1","mn":"ADBE Vector Shape - Group","hd":false},{"ty":"fl","c":{"a":0,"k":[1,1,1,1],"ix":4},"o":{"a":0,"k":100,"ix":5},"r":1,"bm":0,"nm":"Fill 1","mn":"ADBE Vector Graphic - Fill","hd":false},{"ty":"tr","p":{"a":0,"k":[-161.992,16.008],"ix":2},"a":{"a":0,"k":[0,0],"ix":1},"s":{"a":0,"k":[33.44,33.44],"ix":3},"r":{"a":0,"k":0,"ix":6},"o":{"a":0,"k":100,"ix":7},"sk":{"a":0,"k":0,"ix":4},"sa":{"a":0,"k":0,"ix":5},"nm":"Transform"}],"nm":"Ellipse 1","np":3,"cix":2,"bm":0,"ix":1,"mn":"ADBE Vector Group","hd":false}],"ip":179.000007290819,"op":299.00001217852,"st":179.000007290819,"bm":0},{"ddd":0,"ind":6,"ty":4,"nm":"Shape Layer 11","sr":1,"ks":{"o":{"a":1,"k":[{"i":{"x":[0.833],"y":[0.833]},"o":{"x":[0.167],"y":[0.167]},"t":98,"s":[62]},{"i":{"x":[0.833],"y":[0.833]},"o":{"x":[0.167],"y":[0.167]},"t":103,"s":[61]},{"i":{"x":[0.833],"y":[0.833]},"o":{"x":[0.167],"y":[0.167]},"t":117,"s":[100]},{"t":135.000005498663,"s":[59]}],"ix":11},"r":{"a":0,"k":0,"ix":10},"p":{"a":1,"k":[{"i":{"x":0.562,"y":0.788},"o":{"x":0.167,"y":0.167},"t":41,"s":[272.5,-17.5,0],"to":[0,0,0],"ti":[-65.202,-13.933,0]},{"i":{"x":0.668,"y":0.598},"o":{"x":0.308,"y":0.205},"t":65,"s":[390.22,-21.893,0],"to":[34.094,-1.281,0],"ti":[-35,-24.5,0]},{"i":{"x":0.833,"y":0.833},"o":{"x":0.428,"y":0.411},"t":99.195,"s":[493.5,41,0],"to":[35,24.5,0],"ti":[-33,-54.577,0]},{"i":{"x":0.833,"y":0.833},"o":{"x":0.167,"y":0.167},"t":131,"s":[615.5,112,0],"to":[82,66.5,0],"ti":[-0.333,-0.167,0]},{"t":144.00000586524,"s":[690.5,148,0]}],"ix":2},"a":{"a":0,"k":[-161.992,16.008,0],"ix":1},"s":{"a":1,"k":[{"i":{"x":[0.833,0.833,0.833],"y":[0.833,0.833,0.833]},"o":{"x":[0.167,0.167,0.167],"y":[0.167,0.167,0.167]},"t":41,"s":[57,57,100]},{"i":{"x":[0.833,0.833,0.833],"y":[0.833,0.833,0.833]},"o":{"x":[0.167,0.167,0.167],"y":[0.167,0.167,0.167]},"t":81,"s":[47.655,47.655,100]},{"t":103.000004195276,"s":[40.655,40.655,100]}],"ix":6}},"ao":0,"shapes":[{"ty":"gr","it":[{"ind":0,"ty":"sh","ix":1,"ks":{"a":0,"k":{"i":[[9.945,0],[0,-9.945],[-9.945,0],[0,9.945]],"o":[[-9.945,0],[0,9.945],[9.945,0],[0,-9.945]],"v":[[0,-18.008],[-18.008,0],[0,18.008],[18.008,0]],"c":true},"ix":2},"nm":"Path 1","mn":"ADBE Vector Shape - Group","hd":false},{"ty":"fl","c":{"a":0,"k":[1,1,1,1],"ix":4},"o":{"a":0,"k":100,"ix":5},"r":1,"bm":0,"nm":"Fill 1","mn":"ADBE Vector Graphic - Fill","hd":false},{"ty":"tr","p":{"a":0,"k":[-161.992,16.008],"ix":2},"a":{"a":0,"k":[0,0],"ix":1},"s":{"a":0,"k":[33.44,33.44],"ix":3},"r":{"a":0,"k":0,"ix":6},"o":{"a":0,"k":100,"ix":7},"sk":{"a":0,"k":0,"ix":4},"sa":{"a":0,"k":0,"ix":5},"nm":"Transform"}],"nm":"Ellipse 1","np":3,"cix":2,"bm":0,"ix":1,"mn":"ADBE Vector Group","hd":false}],"ip":41.0000016699642,"op":161.000006557664,"st":41.0000016699642,"bm":0},{"ddd":0,"ind":7,"ty":4,"nm":"Shape Layer 38","sr":1,"ks":{"o":{"a":1,"k":[{"i":{"x":[0.833],"y":[0.833]},"o":{"x":[0.167],"y":[0.167]},"t":301,"s":[62]},{"i":{"x":[0.833],"y":[0.833]},"o":{"x":[0.167],"y":[0.167]},"t":306,"s":[61]},{"i":{"x":[0.833],"y":[0.833]},"o":{"x":[0.167],"y":[0.167]},"t":320,"s":[100]},{"t":338.000013767022,"s":[59]}],"ix":11},"r":{"a":0,"k":0,"ix":10},"p":{"a":1,"k":[{"i":{"x":0.562,"y":0.788},"o":{"x":0.167,"y":0.167},"t":244,"s":[272.5,-17.5,0],"to":[0,0,0],"ti":[-65.202,-13.933,0]},{"i":{"x":0.668,"y":0.598},"o":{"x":0.308,"y":0.205},"t":268,"s":[390.22,-21.893,0],"to":[34.094,-1.281,0],"ti":[-35,-24.5,0]},{"i":{"x":0.833,"y":0.833},"o":{"x":0.428,"y":0.411},"t":302.195,"s":[493.5,41,0],"to":[35,24.5,0],"ti":[-33,-54.577,0]},{"i":{"x":0.833,"y":0.833},"o":{"x":0.167,"y":0.167},"t":334,"s":[615.5,112,0],"to":[82,66.5,0],"ti":[-0.333,-0.167,0]},{"t":347.0000141336,"s":[690.5,148,0]}],"ix":2},"a":{"a":0,"k":[-161.992,16.008,0],"ix":1},"s":{"a":1,"k":[{"i":{"x":[0.833,0.833,0.833],"y":[0.833,0.833,0.833]},"o":{"x":[0.167,0.167,0.167],"y":[0.167,0.167,0.167]},"t":244,"s":[57,57,100]},{"i":{"x":[0.833,0.833,0.833],"y":[0.833,0.833,0.833]},"o":{"x":[0.167,0.167,0.167],"y":[0.167,0.167,0.167]},"t":284,"s":[47.655,47.655,100]},{"t":306.000012463636,"s":[40.655,40.655,100]}],"ix":6}},"ao":0,"shapes":[{"ty":"gr","it":[{"ind":0,"ty":"sh","ix":1,"ks":{"a":0,"k":{"i":[[9.945,0],[0,-9.945],[-9.945,0],[0,9.945]],"o":[[-9.945,0],[0,9.945],[9.945,0],[0,-9.945]],"v":[[0,-18.008],[-18.008,0],[0,18.008],[18.008,0]],"c":true},"ix":2},"nm":"Path 1","mn":"ADBE Vector Shape - Group","hd":false},{"ty":"fl","c":{"a":0,"k":[1,1,1,1],"ix":4},"o":{"a":0,"k":100,"ix":5},"r":1,"bm":0,"nm":"Fill 1","mn":"ADBE Vector Graphic - Fill","hd":false},{"ty":"tr","p":{"a":0,"k":[-161.992,16.008],"ix":2},"a":{"a":0,"k":[0,0],"ix":1},"s":{"a":0,"k":[33.44,33.44],"ix":3},"r":{"a":0,"k":0,"ix":6},"o":{"a":0,"k":100,"ix":7},"sk":{"a":0,"k":0,"ix":4},"sa":{"a":0,"k":0,"ix":5},"nm":"Transform"}],"nm":"Ellipse 1","np":3,"cix":2,"bm":0,"ix":1,"mn":"ADBE Vector Group","hd":false}],"ip":244.000009938324,"op":360.000014663101,"st":244.000009938324,"bm":0},{"ddd":0,"ind":8,"ty":4,"nm":"Shape Layer 25","sr":1,"ks":{"o":{"a":1,"k":[{"i":{"x":[0.833],"y":[0.833]},"o":{"x":[0.167],"y":[0.167]},"t":195,"s":[62]},{"i":{"x":[0.833],"y":[0.833]},"o":{"x":[0.167],"y":[0.167]},"t":200,"s":[61]},{"i":{"x":[0.833],"y":[0.833]},"o":{"x":[0.167],"y":[0.167]},"t":214,"s":[100]},{"t":232.000009449554,"s":[59]}],"ix":11},"r":{"a":0,"k":0,"ix":10},"p":{"a":1,"k":[{"i":{"x":0.562,"y":0.788},"o":{"x":0.167,"y":0.167},"t":138,"s":[272.5,-17.5,0],"to":[0,0,0],"ti":[-65.202,-13.933,0]},{"i":{"x":0.668,"y":0.598},"o":{"x":0.308,"y":0.205},"t":162,"s":[390.22,-21.893,0],"to":[34.094,-1.281,0],"ti":[-35,-24.5,0]},{"i":{"x":0.833,"y":0.833},"o":{"x":0.428,"y":0.411},"t":196.195,"s":[493.5,41,0],"to":[35,24.5,0],"ti":[-33,-54.577,0]},{"i":{"x":0.833,"y":0.833},"o":{"x":0.167,"y":0.167},"t":228,"s":[615.5,112,0],"to":[82,66.5,0],"ti":[-0.333,-0.167,0]},{"t":241.000009816131,"s":[690.5,148,0]}],"ix":2},"a":{"a":0,"k":[-161.992,16.008,0],"ix":1},"s":{"a":1,"k":[{"i":{"x":[0.833,0.833,0.833],"y":[0.833,0.833,0.833]},"o":{"x":[0.167,0.167,0.167],"y":[0.167,0.167,0.167]},"t":138,"s":[57,57,100]},{"i":{"x":[0.833,0.833,0.833],"y":[0.833,0.833,0.833]},"o":{"x":[0.167,0.167,0.167],"y":[0.167,0.167,0.167]},"t":178,"s":[47.655,47.655,100]},{"t":200.000008146167,"s":[40.655,40.655,100]}],"ix":6}},"ao":0,"shapes":[{"ty":"gr","it":[{"ind":0,"ty":"sh","ix":1,"ks":{"a":0,"k":{"i":[[9.945,0],[0,-9.945],[-9.945,0],[0,9.945]],"o":[[-9.945,0],[0,9.945],[9.945,0],[0,-9.945]],"v":[[0,-18.008],[-18.008,0],[0,18.008],[18.008,0]],"c":true},"ix":2},"nm":"Path 1","mn":"ADBE Vector Shape - Group","hd":false},{"ty":"fl","c":{"a":0,"k":[1,1,1,1],"ix":4},"o":{"a":0,"k":100,"ix":5},"r":1,"bm":0,"nm":"Fill 1","mn":"ADBE Vector Graphic - Fill","hd":false},{"ty":"tr","p":{"a":0,"k":[-161.992,16.008],"ix":2},"a":{"a":0,"k":[0,0],"ix":1},"s":{"a":0,"k":[33.44,33.44],"ix":3},"r":{"a":0,"k":0,"ix":6},"o":{"a":0,"k":100,"ix":7},"sk":{"a":0,"k":0,"ix":4},"sa":{"a":0,"k":0,"ix":5},"nm":"Transform"}],"nm":"Ellipse 1","np":3,"cix":2,"bm":0,"ix":1,"mn":"ADBE Vector Group","hd":false}],"ip":138.000005620855,"op":258.000010508555,"st":138.000005620855,"bm":0},{"ddd":0,"ind":9,"ty":4,"nm":"Shape Layer 6","sr":1,"ks":{"o":{"a":1,"k":[{"i":{"x":[0.833],"y":[0.833]},"o":{"x":[0.167],"y":[0.167]},"t":57,"s":[62]},{"i":{"x":[0.833],"y":[0.833]},"o":{"x":[0.167],"y":[0.167]},"t":62,"s":[61]},{"i":{"x":[0.833],"y":[0.833]},"o":{"x":[0.167],"y":[0.167]},"t":76,"s":[100]},{"t":94.0000038286985,"s":[59]}],"ix":11},"r":{"a":0,"k":0,"ix":10},"p":{"a":1,"k":[{"i":{"x":0.562,"y":0.788},"o":{"x":0.167,"y":0.167},"t":0,"s":[272.5,-17.5,0],"to":[0,0,0],"ti":[-65.202,-13.933,0]},{"i":{"x":0.668,"y":0.598},"o":{"x":0.308,"y":0.205},"t":24,"s":[390.22,-21.893,0],"to":[34.094,-1.281,0],"ti":[-35,-24.5,0]},{"i":{"x":0.833,"y":0.833},"o":{"x":0.428,"y":0.411},"t":58.195,"s":[493.5,41,0],"to":[35,24.5,0],"ti":[-33,-54.577,0]},{"i":{"x":0.833,"y":0.833},"o":{"x":0.167,"y":0.167},"t":90,"s":[615.5,112,0],"to":[82,66.5,0],"ti":[-0.333,-0.167,0]},{"t":103.000004195276,"s":[690.5,148,0]}],"ix":2},"a":{"a":0,"k":[-161.992,16.008,0],"ix":1},"s":{"a":1,"k":[{"i":{"x":[0.833,0.833,0.833],"y":[0.833,0.833,0.833]},"o":{"x":[0.167,0.167,0.167],"y":[0.167,0.167,0.167]},"t":0,"s":[57,57,100]},{"i":{"x":[0.833,0.833,0.833],"y":[0.833,0.833,0.833]},"o":{"x":[0.167,0.167,0.167],"y":[0.167,0.167,0.167]},"t":40,"s":[47.655,47.655,100]},{"t":62.0000025253118,"s":[40.655,40.655,100]}],"ix":6}},"ao":0,"shapes":[{"ty":"gr","it":[{"ind":0,"ty":"sh","ix":1,"ks":{"a":0,"k":{"i":[[9.945,0],[0,-9.945],[-9.945,0],[0,9.945]],"o":[[-9.945,0],[0,9.945],[9.945,0],[0,-9.945]],"v":[[0,-18.008],[-18.008,0],[0,18.008],[18.008,0]],"c":true},"ix":2},"nm":"Path 1","mn":"ADBE Vector Shape - Group","hd":false},{"ty":"fl","c":{"a":0,"k":[1,1,1,1],"ix":4},"o":{"a":0,"k":100,"ix":5},"r":1,"bm":0,"nm":"Fill 1","mn":"ADBE Vector Graphic - Fill","hd":false},{"ty":"tr","p":{"a":0,"k":[-161.992,16.008],"ix":2},"a":{"a":0,"k":[0,0],"ix":1},"s":{"a":0,"k":[33.44,33.44],"ix":3},"r":{"a":0,"k":0,"ix":6},"o":{"a":0,"k":100,"ix":7},"sk":{"a":0,"k":0,"ix":4},"sa":{"a":0,"k":0,"ix":5},"nm":"Transform"}],"nm":"Ellipse 1","np":3,"cix":2,"bm":0,"ix":1,"mn":"ADBE Vector Group","hd":false}],"ip":0,"op":120.0000048877,"st":0,"bm":0},{"ddd":0,"ind":10,"ty":4,"nm":"Shape Layer 37","sr":1,"ks":{"o":{"a":1,"k":[{"i":{"x":[0.833],"y":[0.833]},"o":{"x":[0.167],"y":[0.167]},"t":342,"s":[62]},{"i":{"x":[0.833],"y":[0.833]},"o":{"x":[0.167],"y":[0.167]},"t":347,"s":[61]},{"i":{"x":[0.833],"y":[0.833]},"o":{"x":[0.167],"y":[0.167]},"t":361,"s":[100]},{"t":379.000015436986,"s":[59]}],"ix":11},"r":{"a":0,"k":0,"ix":10},"p":{"a":1,"k":[{"i":{"x":0.562,"y":0.788},"o":{"x":0.167,"y":0.167},"t":285,"s":[272.5,-17.5,0],"to":[0,0,0],"ti":[-65.202,-13.933,0]},{"i":{"x":0.668,"y":0.598},"o":{"x":0.308,"y":0.205},"t":309,"s":[390.22,-21.893,0],"to":[34.094,-1.281,0],"ti":[-35,-24.5,0]},{"i":{"x":0.833,"y":0.833},"o":{"x":0.428,"y":0.411},"t":343.195,"s":[493.5,41,0],"to":[35,24.5,0],"ti":[-33,-54.577,0]},{"i":{"x":0.833,"y":0.833},"o":{"x":0.167,"y":0.167},"t":375,"s":[615.5,112,0],"to":[82,66.5,0],"ti":[-0.333,-0.167,0]},{"t":388.000015803564,"s":[690.5,148,0]}],"ix":2},"a":{"a":0,"k":[-161.992,16.008,0],"ix":1},"s":{"a":1,"k":[{"i":{"x":[0.833,0.833,0.833],"y":[0.833,0.833,0.833]},"o":{"x":[0.167,0.167,0.167],"y":[0.167,0.167,0.167]},"t":285,"s":[57,57,100]},{"i":{"x":[0.833,0.833,0.833],"y":[0.833,0.833,0.833]},"o":{"x":[0.167,0.167,0.167],"y":[0.167,0.167,0.167]},"t":325,"s":[47.655,47.655,100]},{"t":347.0000141336,"s":[40.655,40.655,100]}],"ix":6}},"ao":0,"shapes":[{"ty":"gr","it":[{"ind":0,"ty":"sh","ix":1,"ks":{"a":0,"k":{"i":[[9.945,0],[0,-9.945],[-9.945,0],[0,9.945]],"o":[[-9.945,0],[0,9.945],[9.945,0],[0,-9.945]],"v":[[0,-18.008],[-18.008,0],[0,18.008],[18.008,0]],"c":true},"ix":2},"nm":"Path 1","mn":"ADBE Vector Shape - Group","hd":false},{"ty":"fl","c":{"a":0,"k":[1,1,1,1],"ix":4},"o":{"a":0,"k":100,"ix":5},"r":1,"bm":0,"nm":"Fill 1","mn":"ADBE Vector Graphic - Fill","hd":false},{"ty":"tr","p":{"a":0,"k":[-161.992,16.008],"ix":2},"a":{"a":0,"k":[0,0],"ix":1},"s":{"a":0,"k":[33.44,33.44],"ix":3},"r":{"a":0,"k":0,"ix":6},"o":{"a":0,"k":100,"ix":7},"sk":{"a":0,"k":0,"ix":4},"sa":{"a":0,"k":0,"ix":5},"nm":"Transform"}],"nm":"Ellipse 1","np":3,"cix":2,"bm":0,"ix":1,"mn":"ADBE Vector Group","hd":false}],"ip":285.000011608288,"op":360.000014663101,"st":285.000011608288,"bm":0},{"ddd":0,"ind":11,"ty":4,"nm":"Shape Layer 24","sr":1,"ks":{"o":{"a":1,"k":[{"i":{"x":[0.833],"y":[0.833]},"o":{"x":[0.167],"y":[0.167]},"t":236,"s":[62]},{"i":{"x":[0.833],"y":[0.833]},"o":{"x":[0.167],"y":[0.167]},"t":241,"s":[61]},{"i":{"x":[0.833],"y":[0.833]},"o":{"x":[0.167],"y":[0.167]},"t":255,"s":[100]},{"t":273.000011119518,"s":[59]}],"ix":11},"r":{"a":0,"k":0,"ix":10},"p":{"a":1,"k":[{"i":{"x":0.562,"y":0.788},"o":{"x":0.167,"y":0.167},"t":179,"s":[272.5,-17.5,0],"to":[0,0,0],"ti":[-65.202,-13.933,0]},{"i":{"x":0.668,"y":0.598},"o":{"x":0.308,"y":0.205},"t":203,"s":[390.22,-21.893,0],"to":[34.094,-1.281,0],"ti":[-35,-24.5,0]},{"i":{"x":0.833,"y":0.833},"o":{"x":0.428,"y":0.411},"t":237.195,"s":[493.5,41,0],"to":[35,24.5,0],"ti":[-33,-54.577,0]},{"i":{"x":0.833,"y":0.833},"o":{"x":0.167,"y":0.167},"t":269,"s":[615.5,112,0],"to":[82,66.5,0],"ti":[-0.333,-0.167,0]},{"t":282.000011486096,"s":[690.5,148,0]}],"ix":2},"a":{"a":0,"k":[-161.992,16.008,0],"ix":1},"s":{"a":1,"k":[{"i":{"x":[0.833,0.833,0.833],"y":[0.833,0.833,0.833]},"o":{"x":[0.167,0.167,0.167],"y":[0.167,0.167,0.167]},"t":179,"s":[57,57,100]},{"i":{"x":[0.833,0.833,0.833],"y":[0.833,0.833,0.833]},"o":{"x":[0.167,0.167,0.167],"y":[0.167,0.167,0.167]},"t":219,"s":[47.655,47.655,100]},{"t":241.000009816131,"s":[40.655,40.655,100]}],"ix":6}},"ao":0,"shapes":[{"ty":"gr","it":[{"ind":0,"ty":"sh","ix":1,"ks":{"a":0,"k":{"i":[[9.945,0],[0,-9.945],[-9.945,0],[0,9.945]],"o":[[-9.945,0],[0,9.945],[9.945,0],[0,-9.945]],"v":[[0,-18.008],[-18.008,0],[0,18.008],[18.008,0]],"c":true},"ix":2},"nm":"Path 1","mn":"ADBE Vector Shape - Group","hd":false},{"ty":"fl","c":{"a":0,"k":[1,1,1,1],"ix":4},"o":{"a":0,"k":100,"ix":5},"r":1,"bm":0,"nm":"Fill 1","mn":"ADBE Vector Graphic - Fill","hd":false},{"ty":"tr","p":{"a":0,"k":[-161.992,16.008],"ix":2},"a":{"a":0,"k":[0,0],"ix":1},"s":{"a":0,"k":[33.44,33.44],"ix":3},"r":{"a":0,"k":0,"ix":6},"o":{"a":0,"k":100,"ix":7},"sk":{"a":0,"k":0,"ix":4},"sa":{"a":0,"k":0,"ix":5},"nm":"Transform"}],"nm":"Ellipse 1","np":3,"cix":2,"bm":0,"ix":1,"mn":"ADBE Vector Group","hd":false}],"ip":179.000007290819,"op":299.00001217852,"st":179.000007290819,"bm":0},{"ddd":0,"ind":12,"ty":4,"nm":"Shape Layer 10","sr":1,"ks":{"o":{"a":1,"k":[{"i":{"x":[0.833],"y":[0.833]},"o":{"x":[0.167],"y":[0.167]},"t":98,"s":[62]},{"i":{"x":[0.833],"y":[0.833]},"o":{"x":[0.167],"y":[0.167]},"t":103,"s":[61]},{"i":{"x":[0.833],"y":[0.833]},"o":{"x":[0.167],"y":[0.167]},"t":117,"s":[100]},{"t":135.000005498663,"s":[59]}],"ix":11},"r":{"a":0,"k":0,"ix":10},"p":{"a":1,"k":[{"i":{"x":0.562,"y":0.788},"o":{"x":0.167,"y":0.167},"t":41,"s":[272.5,-17.5,0],"to":[0,0,0],"ti":[-65.202,-13.933,0]},{"i":{"x":0.668,"y":0.598},"o":{"x":0.308,"y":0.205},"t":65,"s":[390.22,-21.893,0],"to":[34.094,-1.281,0],"ti":[-35,-24.5,0]},{"i":{"x":0.833,"y":0.833},"o":{"x":0.428,"y":0.411},"t":99.195,"s":[493.5,41,0],"to":[35,24.5,0],"ti":[-33,-54.577,0]},{"i":{"x":0.833,"y":0.833},"o":{"x":0.167,"y":0.167},"t":131,"s":[615.5,112,0],"to":[82,66.5,0],"ti":[-0.333,-0.167,0]},{"t":144.00000586524,"s":[690.5,148,0]}],"ix":2},"a":{"a":0,"k":[-161.992,16.008,0],"ix":1},"s":{"a":1,"k":[{"i":{"x":[0.833,0.833,0.833],"y":[0.833,0.833,0.833]},"o":{"x":[0.167,0.167,0.167],"y":[0.167,0.167,0.167]},"t":41,"s":[57,57,100]},{"i":{"x":[0.833,0.833,0.833],"y":[0.833,0.833,0.833]},"o":{"x":[0.167,0.167,0.167],"y":[0.167,0.167,0.167]},"t":81,"s":[47.655,47.655,100]},{"t":103.000004195276,"s":[40.655,40.655,100]}],"ix":6}},"ao":0,"shapes":[{"ty":"gr","it":[{"ind":0,"ty":"sh","ix":1,"ks":{"a":0,"k":{"i":[[9.945,0],[0,-9.945],[-9.945,0],[0,9.945]],"o":[[-9.945,0],[0,9.945],[9.945,0],[0,-9.945]],"v":[[0,-18.008],[-18.008,0],[0,18.008],[18.008,0]],"c":true},"ix":2},"nm":"Path 1","mn":"ADBE Vector Shape - Group","hd":false},{"ty":"fl","c":{"a":0,"k":[1,1,1,1],"ix":4},"o":{"a":0,"k":100,"ix":5},"r":1,"bm":0,"nm":"Fill 1","mn":"ADBE Vector Graphic - Fill","hd":false},{"ty":"tr","p":{"a":0,"k":[-161.992,16.008],"ix":2},"a":{"a":0,"k":[0,0],"ix":1},"s":{"a":0,"k":[33.44,33.44],"ix":3},"r":{"a":0,"k":0,"ix":6},"o":{"a":0,"k":100,"ix":7},"sk":{"a":0,"k":0,"ix":4},"sa":{"a":0,"k":0,"ix":5},"nm":"Transform"}],"nm":"Ellipse 1","np":3,"cix":2,"bm":0,"ix":1,"mn":"ADBE Vector Group","hd":false}],"ip":41.0000016699642,"op":161.000006557664,"st":41.0000016699642,"bm":0},{"ddd":0,"ind":13,"ty":4,"nm":"Shape Layer 36","sr":1,"ks":{"o":{"a":1,"k":[{"i":{"x":[0.833],"y":[0.833]},"o":{"x":[0.167],"y":[0.167]},"t":301,"s":[62]},{"i":{"x":[0.833],"y":[0.833]},"o":{"x":[0.167],"y":[0.167]},"t":306,"s":[61]},{"i":{"x":[0.833],"y":[0.833]},"o":{"x":[0.167],"y":[0.167]},"t":320,"s":[100]},{"t":338.000013767022,"s":[59]}],"ix":11},"r":{"a":0,"k":0,"ix":10},"p":{"a":1,"k":[{"i":{"x":0.562,"y":0.788},"o":{"x":0.167,"y":0.167},"t":244,"s":[272.5,-17.5,0],"to":[0,0,0],"ti":[-65.202,-13.933,0]},{"i":{"x":0.668,"y":0.598},"o":{"x":0.308,"y":0.205},"t":268,"s":[390.22,-21.893,0],"to":[34.094,-1.281,0],"ti":[-35,-24.5,0]},{"i":{"x":0.833,"y":0.833},"o":{"x":0.428,"y":0.411},"t":302.195,"s":[493.5,41,0],"to":[35,24.5,0],"ti":[-33,-54.577,0]},{"i":{"x":0.833,"y":0.833},"o":{"x":0.167,"y":0.167},"t":334,"s":[615.5,112,0],"to":[82,66.5,0],"ti":[-0.333,-0.167,0]},{"t":347.0000141336,"s":[690.5,148,0]}],"ix":2},"a":{"a":0,"k":[-161.992,16.008,0],"ix":1},"s":{"a":1,"k":[{"i":{"x":[0.833,0.833,0.833],"y":[0.833,0.833,0.833]},"o":{"x":[0.167,0.167,0.167],"y":[0.167,0.167,0.167]},"t":244,"s":[57,57,100]},{"i":{"x":[0.833,0.833,0.833],"y":[0.833,0.833,0.833]},"o":{"x":[0.167,0.167,0.167],"y":[0.167,0.167,0.167]},"t":284,"s":[47.655,47.655,100]},{"t":306.000012463636,"s":[40.655,40.655,100]}],"ix":6}},"ao":0,"shapes":[{"ty":"gr","it":[{"ind":0,"ty":"sh","ix":1,"ks":{"a":0,"k":{"i":[[9.945,0],[0,-9.945],[-9.945,0],[0,9.945]],"o":[[-9.945,0],[0,9.945],[9.945,0],[0,-9.945]],"v":[[0,-18.008],[-18.008,0],[0,18.008],[18.008,0]],"c":true},"ix":2},"nm":"Path 1","mn":"ADBE Vector Shape - Group","hd":false},{"ty":"fl","c":{"a":0,"k":[1,1,1,1],"ix":4},"o":{"a":0,"k":100,"ix":5},"r":1,"bm":0,"nm":"Fill 1","mn":"ADBE Vector Graphic - Fill","hd":false},{"ty":"tr","p":{"a":0,"k":[-161.992,16.008],"ix":2},"a":{"a":0,"k":[0,0],"ix":1},"s":{"a":0,"k":[33.44,33.44],"ix":3},"r":{"a":0,"k":0,"ix":6},"o":{"a":0,"k":100,"ix":7},"sk":{"a":0,"k":0,"ix":4},"sa":{"a":0,"k":0,"ix":5},"nm":"Transform"}],"nm":"Ellipse 1","np":3,"cix":2,"bm":0,"ix":1,"mn":"ADBE Vector Group","hd":false}],"ip":244.000009938324,"op":360.000014663101,"st":244.000009938324,"bm":0},{"ddd":0,"ind":14,"ty":4,"nm":"Shape Layer 23","sr":1,"ks":{"o":{"a":1,"k":[{"i":{"x":[0.833],"y":[0.833]},"o":{"x":[0.167],"y":[0.167]},"t":195,"s":[62]},{"i":{"x":[0.833],"y":[0.833]},"o":{"x":[0.167],"y":[0.167]},"t":200,"s":[61]},{"i":{"x":[0.833],"y":[0.833]},"o":{"x":[0.167],"y":[0.167]},"t":214,"s":[100]},{"t":232.000009449554,"s":[59]}],"ix":11},"r":{"a":0,"k":0,"ix":10},"p":{"a":1,"k":[{"i":{"x":0.562,"y":0.788},"o":{"x":0.167,"y":0.167},"t":138,"s":[272.5,-17.5,0],"to":[0,0,0],"ti":[-65.202,-13.933,0]},{"i":{"x":0.668,"y":0.598},"o":{"x":0.308,"y":0.205},"t":162,"s":[390.22,-21.893,0],"to":[34.094,-1.281,0],"ti":[-35,-24.5,0]},{"i":{"x":0.833,"y":0.833},"o":{"x":0.428,"y":0.411},"t":196.195,"s":[493.5,41,0],"to":[35,24.5,0],"ti":[-33,-54.577,0]},{"i":{"x":0.833,"y":0.833},"o":{"x":0.167,"y":0.167},"t":228,"s":[615.5,112,0],"to":[82,66.5,0],"ti":[-0.333,-0.167,0]},{"t":241.000009816131,"s":[690.5,148,0]}],"ix":2},"a":{"a":0,"k":[-161.992,16.008,0],"ix":1},"s":{"a":1,"k":[{"i":{"x":[0.833,0.833,0.833],"y":[0.833,0.833,0.833]},"o":{"x":[0.167,0.167,0.167],"y":[0.167,0.167,0.167]},"t":138,"s":[57,57,100]},{"i":{"x":[0.833,0.833,0.833],"y":[0.833,0.833,0.833]},"o":{"x":[0.167,0.167,0.167],"y":[0.167,0.167,0.167]},"t":178,"s":[47.655,47.655,100]},{"t":200.000008146167,"s":[40.655,40.655,100]}],"ix":6}},"ao":0,"shapes":[{"ty":"gr","it":[{"ind":0,"ty":"sh","ix":1,"ks":{"a":0,"k":{"i":[[9.945,0],[0,-9.945],[-9.945,0],[0,9.945]],"o":[[-9.945,0],[0,9.945],[9.945,0],[0,-9.945]],"v":[[0,-18.008],[-18.008,0],[0,18.008],[18.008,0]],"c":true},"ix":2},"nm":"Path 1","mn":"ADBE Vector Shape - Group","hd":false},{"ty":"fl","c":{"a":0,"k":[1,1,1,1],"ix":4},"o":{"a":0,"k":100,"ix":5},"r":1,"bm":0,"nm":"Fill 1","mn":"ADBE Vector Graphic - Fill","hd":false},{"ty":"tr","p":{"a":0,"k":[-161.992,16.008],"ix":2},"a":{"a":0,"k":[0,0],"ix":1},"s":{"a":0,"k":[33.44,33.44],"ix":3},"r":{"a":0,"k":0,"ix":6},"o":{"a":0,"k":100,"ix":7},"sk":{"a":0,"k":0,"ix":4},"sa":{"a":0,"k":0,"ix":5},"nm":"Transform"}],"nm":"Ellipse 1","np":3,"cix":2,"bm":0,"ix":1,"mn":"ADBE Vector Group","hd":false}],"ip":138.000005620855,"op":258.000010508555,"st":138.000005620855,"bm":0},{"ddd":0,"ind":15,"ty":4,"nm":"Shape Layer 5","sr":1,"ks":{"o":{"a":1,"k":[{"i":{"x":[0.833],"y":[0.833]},"o":{"x":[0.167],"y":[0.167]},"t":57,"s":[62]},{"i":{"x":[0.833],"y":[0.833]},"o":{"x":[0.167],"y":[0.167]},"t":62,"s":[61]},{"i":{"x":[0.833],"y":[0.833]},"o":{"x":[0.167],"y":[0.167]},"t":76,"s":[100]},{"t":94.0000038286985,"s":[59]}],"ix":11},"r":{"a":0,"k":0,"ix":10},"p":{"a":1,"k":[{"i":{"x":0.562,"y":0.788},"o":{"x":0.167,"y":0.167},"t":0,"s":[272.5,-17.5,0],"to":[0,0,0],"ti":[-65.202,-13.933,0]},{"i":{"x":0.668,"y":0.598},"o":{"x":0.308,"y":0.205},"t":24,"s":[390.22,-21.893,0],"to":[34.094,-1.281,0],"ti":[-35,-24.5,0]},{"i":{"x":0.833,"y":0.833},"o":{"x":0.428,"y":0.411},"t":58.195,"s":[493.5,41,0],"to":[35,24.5,0],"ti":[-33,-54.577,0]},{"i":{"x":0.833,"y":0.833},"o":{"x":0.167,"y":0.167},"t":90,"s":[615.5,112,0],"to":[82,66.5,0],"ti":[-0.333,-0.167,0]},{"t":103.000004195276,"s":[690.5,148,0]}],"ix":2},"a":{"a":0,"k":[-161.992,16.008,0],"ix":1},"s":{"a":1,"k":[{"i":{"x":[0.833,0.833,0.833],"y":[0.833,0.833,0.833]},"o":{"x":[0.167,0.167,0.167],"y":[0.167,0.167,0.167]},"t":0,"s":[57,57,100]},{"i":{"x":[0.833,0.833,0.833],"y":[0.833,0.833,0.833]},"o":{"x":[0.167,0.167,0.167],"y":[0.167,0.167,0.167]},"t":40,"s":[47.655,47.655,100]},{"t":62.0000025253118,"s":[40.655,40.655,100]}],"ix":6}},"ao":0,"shapes":[{"ty":"gr","it":[{"ind":0,"ty":"sh","ix":1,"ks":{"a":0,"k":{"i":[[9.945,0],[0,-9.945],[-9.945,0],[0,9.945]],"o":[[-9.945,0],[0,9.945],[9.945,0],[0,-9.945]],"v":[[0,-18.008],[-18.008,0],[0,18.008],[18.008,0]],"c":true},"ix":2},"nm":"Path 1","mn":"ADBE Vector Shape - Group","hd":false},{"ty":"fl","c":{"a":0,"k":[1,1,1,1],"ix":4},"o":{"a":0,"k":100,"ix":5},"r":1,"bm":0,"nm":"Fill 1","mn":"ADBE Vector Graphic - Fill","hd":false},{"ty":"tr","p":{"a":0,"k":[-161.992,16.008],"ix":2},"a":{"a":0,"k":[0,0],"ix":1},"s":{"a":0,"k":[33.44,33.44],"ix":3},"r":{"a":0,"k":0,"ix":6},"o":{"a":0,"k":100,"ix":7},"sk":{"a":0,"k":0,"ix":4},"sa":{"a":0,"k":0,"ix":5},"nm":"Transform"}],"nm":"Ellipse 1","np":3,"cix":2,"bm":0,"ix":1,"mn":"ADBE Vector Group","hd":false}],"ip":0,"op":120.0000048877,"st":0,"bm":0},{"ddd":0,"ind":16,"ty":4,"nm":"Shape Layer 35","sr":1,"ks":{"o":{"a":1,"k":[{"i":{"x":[0.833],"y":[0.833]},"o":{"x":[0.167],"y":[0.167]},"t":282,"s":[62]},{"i":{"x":[0.833],"y":[0.833]},"o":{"x":[0.167],"y":[0.167]},"t":287,"s":[61]},{"i":{"x":[0.833],"y":[0.833]},"o":{"x":[0.167],"y":[0.167]},"t":301,"s":[100]},{"t":319.000012993136,"s":[59]}],"ix":11},"r":{"a":0,"k":0,"ix":10},"p":{"a":1,"k":[{"i":{"x":0.562,"y":0.897},"o":{"x":0.167,"y":0.167},"t":225,"s":[346.5,-30.5,0],"to":[0,0,0],"ti":[-69.202,-27.933,0]},{"i":{"x":0.664,"y":0.619},"o":{"x":0.308,"y":0.291},"t":249,"s":[588.72,-7.393,0],"to":[27.392,9.963,0],"ti":[-35,-24.5,0]},{"i":{"x":0.746,"y":0.617},"o":{"x":0.385,"y":0.288},"t":283.778,"s":[637.5,63,0],"to":[34,37.5,0],"ti":[-71.135,-54.627,0]},{"i":{"x":0.669,"y":0.983},"o":{"x":0.331,"y":0.009},"t":315,"s":[710.356,156.218,0],"to":[4.071,1.92,0],"ti":[-6.021,-2.225,0]},{"i":{"x":0.833,"y":0.833},"o":{"x":0.425,"y":0.771},"t":317,"s":[304.828,167.472,0],"to":[22.823,8.435,0],"ti":[-20.821,-4.974,0]},{"i":{"x":0.833,"y":0.833},"o":{"x":0.167,"y":0.167},"t":322,"s":[300.5,169,0],"to":[0,76.5,0],"ti":[-0.333,-0.167,0]},{"t":328.000013359714,"s":[350.5,149,0]}],"ix":2},"a":{"a":0,"k":[-161.992,16.008,0],"ix":1},"s":{"a":1,"k":[{"i":{"x":[0.833,0.833,0.833],"y":[0.833,0.833,0.833]},"o":{"x":[0.167,0.167,0.167],"y":[0.167,0.167,0.167]},"t":225,"s":[57,57,100]},{"i":{"x":[0.833,0.833,0.833],"y":[0.833,0.833,0.833]},"o":{"x":[0.167,0.167,0.167],"y":[0.167,0.167,0.167]},"t":265,"s":[47.655,47.655,100]},{"t":287.00001168975,"s":[40.655,40.655,100]}],"ix":6}},"ao":0,"shapes":[{"ty":"gr","it":[{"ind":0,"ty":"sh","ix":1,"ks":{"a":0,"k":{"i":[[9.945,0],[0,-9.945],[-9.945,0],[0,9.945]],"o":[[-9.945,0],[0,9.945],[9.945,0],[0,-9.945]],"v":[[0,-18.008],[-18.008,0],[0,18.008],[18.008,0]],"c":true},"ix":2},"nm":"Path 1","mn":"ADBE Vector Shape - Group","hd":false},{"ty":"fl","c":{"a":0,"k":[1,1,1,1],"ix":4},"o":{"a":0,"k":100,"ix":5},"r":1,"bm":0,"nm":"Fill 1","mn":"ADBE Vector Graphic - Fill","hd":false},{"ty":"tr","p":{"a":0,"k":[-161.992,16.008],"ix":2},"a":{"a":0,"k":[0,0],"ix":1},"s":{"a":0,"k":[33.44,33.44],"ix":3},"r":{"a":0,"k":0,"ix":6},"o":{"a":0,"k":100,"ix":7},"sk":{"a":0,"k":0,"ix":4},"sa":{"a":0,"k":0,"ix":5},"nm":"Transform"}],"nm":"Ellipse 1","np":3,"cix":2,"bm":0,"ix":1,"mn":"ADBE Vector Group","hd":false}],"ip":225.000009164438,"op":345.000014052138,"st":225.000009164438,"bm":0},{"ddd":0,"ind":17,"ty":4,"nm":"Shape Layer 22","sr":1,"ks":{"o":{"a":1,"k":[{"i":{"x":[0.833],"y":[0.833]},"o":{"x":[0.167],"y":[0.167]},"t":176,"s":[62]},{"i":{"x":[0.833],"y":[0.833]},"o":{"x":[0.167],"y":[0.167]},"t":181,"s":[61]},{"i":{"x":[0.833],"y":[0.833]},"o":{"x":[0.167],"y":[0.167]},"t":195,"s":[100]},{"t":213.000008675668,"s":[59]}],"ix":11},"r":{"a":0,"k":0,"ix":10},"p":{"a":1,"k":[{"i":{"x":0.562,"y":0.897},"o":{"x":0.167,"y":0.167},"t":119,"s":[346.5,-30.5,0],"to":[0,0,0],"ti":[-69.202,-27.933,0]},{"i":{"x":0.664,"y":0.619},"o":{"x":0.308,"y":0.291},"t":143,"s":[588.72,-7.393,0],"to":[27.392,9.963,0],"ti":[-35,-24.5,0]},{"i":{"x":0.746,"y":0.617},"o":{"x":0.385,"y":0.288},"t":177.778,"s":[637.5,63,0],"to":[34,37.5,0],"ti":[-71.135,-54.627,0]},{"i":{"x":0.669,"y":0.983},"o":{"x":0.331,"y":0.009},"t":209,"s":[710.356,156.218,0],"to":[4.071,1.92,0],"ti":[-6.021,-2.225,0]},{"i":{"x":0.833,"y":0.833},"o":{"x":0.425,"y":0.771},"t":211,"s":[304.828,167.472,0],"to":[22.823,8.435,0],"ti":[-20.821,-4.974,0]},{"i":{"x":0.833,"y":0.833},"o":{"x":0.167,"y":0.167},"t":216,"s":[300.5,169,0],"to":[0,76.5,0],"ti":[-0.333,-0.167,0]},{"t":222.000009042245,"s":[350.5,149,0]}],"ix":2},"a":{"a":0,"k":[-161.992,16.008,0],"ix":1},"s":{"a":1,"k":[{"i":{"x":[0.833,0.833,0.833],"y":[0.833,0.833,0.833]},"o":{"x":[0.167,0.167,0.167],"y":[0.167,0.167,0.167]},"t":119,"s":[57,57,100]},{"i":{"x":[0.833,0.833,0.833],"y":[0.833,0.833,0.833]},"o":{"x":[0.167,0.167,0.167],"y":[0.167,0.167,0.167]},"t":159,"s":[47.655,47.655,100]},{"t":181.000007372281,"s":[40.655,40.655,100]}],"ix":6}},"ao":0,"shapes":[{"ty":"gr","it":[{"ind":0,"ty":"sh","ix":1,"ks":{"a":0,"k":{"i":[[9.945,0],[0,-9.945],[-9.945,0],[0,9.945]],"o":[[-9.945,0],[0,9.945],[9.945,0],[0,-9.945]],"v":[[0,-18.008],[-18.008,0],[0,18.008],[18.008,0]],"c":true},"ix":2},"nm":"Path 1","mn":"ADBE Vector Shape - Group","hd":false},{"ty":"fl","c":{"a":0,"k":[1,1,1,1],"ix":4},"o":{"a":0,"k":100,"ix":5},"r":1,"bm":0,"nm":"Fill 1","mn":"ADBE Vector Graphic - Fill","hd":false},{"ty":"tr","p":{"a":0,"k":[-161.992,16.008],"ix":2},"a":{"a":0,"k":[0,0],"ix":1},"s":{"a":0,"k":[33.44,33.44],"ix":3},"r":{"a":0,"k":0,"ix":6},"o":{"a":0,"k":100,"ix":7},"sk":{"a":0,"k":0,"ix":4},"sa":{"a":0,"k":0,"ix":5},"nm":"Transform"}],"nm":"Ellipse 1","np":3,"cix":2,"bm":0,"ix":1,"mn":"ADBE Vector Group","hd":false}],"ip":119.000004846969,"op":239.00000973467,"st":119.000004846969,"bm":0},{"ddd":0,"ind":18,"ty":4,"nm":"Shape Layer 14","sr":1,"ks":{"o":{"a":1,"k":[{"i":{"x":[0.833],"y":[0.833]},"o":{"x":[0.167],"y":[0.167]},"t":38,"s":[62]},{"i":{"x":[0.833],"y":[0.833]},"o":{"x":[0.167],"y":[0.167]},"t":43,"s":[61]},{"i":{"x":[0.833],"y":[0.833]},"o":{"x":[0.167],"y":[0.167]},"t":57,"s":[100]},{"t":75.0000030548126,"s":[59]}],"ix":11},"r":{"a":0,"k":0,"ix":10},"p":{"a":1,"k":[{"i":{"x":0.562,"y":0.897},"o":{"x":0.167,"y":0.167},"t":-19,"s":[346.5,-30.5,0],"to":[0,0,0],"ti":[-69.202,-27.933,0]},{"i":{"x":0.664,"y":0.619},"o":{"x":0.308,"y":0.291},"t":5,"s":[588.72,-7.393,0],"to":[27.392,9.963,0],"ti":[-35,-24.5,0]},{"i":{"x":0.746,"y":0.617},"o":{"x":0.385,"y":0.288},"t":39.778,"s":[637.5,63,0],"to":[34,37.5,0],"ti":[-71.135,-54.627,0]},{"i":{"x":0.669,"y":0.983},"o":{"x":0.331,"y":0.009},"t":71,"s":[710.356,156.218,0],"to":[4.071,1.92,0],"ti":[-6.021,-2.225,0]},{"i":{"x":0.833,"y":0.833},"o":{"x":0.425,"y":0.771},"t":73,"s":[304.828,167.472,0],"to":[22.823,8.435,0],"ti":[-20.821,-4.974,0]},{"i":{"x":0.833,"y":0.833},"o":{"x":0.167,"y":0.167},"t":78,"s":[300.5,169,0],"to":[0,76.5,0],"ti":[-0.333,-0.167,0]},{"t":84.0000034213901,"s":[350.5,149,0]}],"ix":2},"a":{"a":0,"k":[-161.992,16.008,0],"ix":1},"s":{"a":1,"k":[{"i":{"x":[0.833,0.833,0.833],"y":[0.833,0.833,0.833]},"o":{"x":[0.167,0.167,0.167],"y":[0.167,0.167,0.167]},"t":-19,"s":[57,57,100]},{"i":{"x":[0.833,0.833,0.833],"y":[0.833,0.833,0.833]},"o":{"x":[0.167,0.167,0.167],"y":[0.167,0.167,0.167]},"t":21,"s":[47.655,47.655,100]},{"t":43.0000017514259,"s":[40.655,40.655,100]}],"ix":6}},"ao":0,"shapes":[{"ty":"gr","it":[{"ind":0,"ty":"sh","ix":1,"ks":{"a":0,"k":{"i":[[9.945,0],[0,-9.945],[-9.945,0],[0,9.945]],"o":[[-9.945,0],[0,9.945],[9.945,0],[0,-9.945]],"v":[[0,-18.008],[-18.008,0],[0,18.008],[18.008,0]],"c":true},"ix":2},"nm":"Path 1","mn":"ADBE Vector Shape - Group","hd":false},{"ty":"fl","c":{"a":0,"k":[1,1,1,1],"ix":4},"o":{"a":0,"k":100,"ix":5},"r":1,"bm":0,"nm":"Fill 1","mn":"ADBE Vector Graphic - Fill","hd":false},{"ty":"tr","p":{"a":0,"k":[-161.992,16.008],"ix":2},"a":{"a":0,"k":[0,0],"ix":1},"s":{"a":0,"k":[33.44,33.44],"ix":3},"r":{"a":0,"k":0,"ix":6},"o":{"a":0,"k":100,"ix":7},"sk":{"a":0,"k":0,"ix":4},"sa":{"a":0,"k":0,"ix":5},"nm":"Transform"}],"nm":"Ellipse 1","np":3,"cix":2,"bm":0,"ix":1,"mn":"ADBE Vector Group","hd":false}],"ip":0,"op":101.000004113814,"st":-19.0000007738859,"bm":0},{"ddd":0,"ind":19,"ty":4,"nm":"Shape Layer 34","sr":1,"ks":{"o":{"a":1,"k":[{"i":{"x":[0.833],"y":[0.833]},"o":{"x":[0.167],"y":[0.167]},"t":299,"s":[62]},{"i":{"x":[0.833],"y":[0.833]},"o":{"x":[0.167],"y":[0.167]},"t":304,"s":[61]},{"i":{"x":[0.833],"y":[0.833]},"o":{"x":[0.167],"y":[0.167]},"t":318,"s":[100]},{"t":336.000013685561,"s":[59]}],"ix":11},"r":{"a":0,"k":0,"ix":10},"p":{"a":1,"k":[{"i":{"x":0.562,"y":0.691},"o":{"x":0.167,"y":0.167},"t":242,"s":[-7.5,9.5,0],"to":[0,0,0],"ti":[-69.202,-27.933,0]},{"i":{"x":0.654,"y":0.613},"o":{"x":0.314,"y":0.272},"t":266,"s":[68.72,38.607,0],"to":[27.392,9.963,0],"ti":[-35,-24.5,0]},{"i":{"x":0.759,"y":0.654},"o":{"x":0.371,"y":0.282},"t":284.77,"s":[115.5,59,0],"to":[34,37.5,0],"ti":[-97.135,-36.627,0]},{"i":{"x":0.669,"y":0.766},"o":{"x":0.331,"y":0.13},"t":332,"s":[284.356,146.218,0],"to":[4.071,1.92,0],"ti":[-6.021,-2.225,0]},{"i":{"x":0.833,"y":0.833},"o":{"x":0.425,"y":0.771},"t":334,"s":[304.828,167.472,0],"to":[22.823,8.435,0],"ti":[-20.821,-4.974,0]},{"i":{"x":0.833,"y":0.833},"o":{"x":0.167,"y":0.167},"t":339,"s":[300.5,169,0],"to":[0,76.5,0],"ti":[-0.333,-0.167,0]},{"t":345.000014052138,"s":[350.5,149,0]}],"ix":2},"a":{"a":0,"k":[-161.992,16.008,0],"ix":1},"s":{"a":1,"k":[{"i":{"x":[0.833,0.833,0.833],"y":[0.833,0.833,0.833]},"o":{"x":[0.167,0.167,0.167],"y":[0.167,0.167,0.167]},"t":242,"s":[57,57,100]},{"i":{"x":[0.833,0.833,0.833],"y":[0.833,0.833,0.833]},"o":{"x":[0.167,0.167,0.167],"y":[0.167,0.167,0.167]},"t":282,"s":[47.655,47.655,100]},{"t":304.000012382174,"s":[40.655,40.655,100]}],"ix":6}},"ao":0,"shapes":[{"ty":"gr","it":[{"ind":0,"ty":"sh","ix":1,"ks":{"a":0,"k":{"i":[[9.945,0],[0,-9.945],[-9.945,0],[0,9.945]],"o":[[-9.945,0],[0,9.945],[9.945,0],[0,-9.945]],"v":[[0,-18.008],[-18.008,0],[0,18.008],[18.008,0]],"c":true},"ix":2},"nm":"Path 1","mn":"ADBE Vector Shape - Group","hd":false},{"ty":"fl","c":{"a":0,"k":[1,1,1,1],"ix":4},"o":{"a":0,"k":100,"ix":5},"r":1,"bm":0,"nm":"Fill 1","mn":"ADBE Vector Graphic - Fill","hd":false},{"ty":"tr","p":{"a":0,"k":[-161.992,16.008],"ix":2},"a":{"a":0,"k":[0,0],"ix":1},"s":{"a":0,"k":[33.44,33.44],"ix":3},"r":{"a":0,"k":0,"ix":6},"o":{"a":0,"k":100,"ix":7},"sk":{"a":0,"k":0,"ix":4},"sa":{"a":0,"k":0,"ix":5},"nm":"Transform"}],"nm":"Ellipse 1","np":3,"cix":2,"bm":0,"ix":1,"mn":"ADBE Vector Group","hd":false}],"ip":242.000009856862,"op":360.000014663101,"st":242.000009856862,"bm":0},{"ddd":0,"ind":20,"ty":4,"nm":"Shape Layer 21","sr":1,"ks":{"o":{"a":1,"k":[{"i":{"x":[0.833],"y":[0.833]},"o":{"x":[0.167],"y":[0.167]},"t":193,"s":[62]},{"i":{"x":[0.833],"y":[0.833]},"o":{"x":[0.167],"y":[0.167]},"t":198,"s":[61]},{"i":{"x":[0.833],"y":[0.833]},"o":{"x":[0.167],"y":[0.167]},"t":212,"s":[100]},{"t":230.000009368092,"s":[59]}],"ix":11},"r":{"a":0,"k":0,"ix":10},"p":{"a":1,"k":[{"i":{"x":0.562,"y":0.691},"o":{"x":0.167,"y":0.167},"t":136,"s":[-7.5,9.5,0],"to":[0,0,0],"ti":[-69.202,-27.933,0]},{"i":{"x":0.654,"y":0.613},"o":{"x":0.314,"y":0.272},"t":160,"s":[68.72,38.607,0],"to":[27.392,9.963,0],"ti":[-35,-24.5,0]},{"i":{"x":0.759,"y":0.654},"o":{"x":0.371,"y":0.282},"t":178.77,"s":[115.5,59,0],"to":[34,37.5,0],"ti":[-97.135,-36.627,0]},{"i":{"x":0.669,"y":0.766},"o":{"x":0.331,"y":0.13},"t":226,"s":[284.356,146.218,0],"to":[4.071,1.92,0],"ti":[-6.021,-2.225,0]},{"i":{"x":0.833,"y":0.833},"o":{"x":0.425,"y":0.771},"t":228,"s":[304.828,167.472,0],"to":[22.823,8.435,0],"ti":[-20.821,-4.974,0]},{"i":{"x":0.833,"y":0.833},"o":{"x":0.167,"y":0.167},"t":233,"s":[300.5,169,0],"to":[0,76.5,0],"ti":[-0.333,-0.167,0]},{"t":239.00000973467,"s":[350.5,149,0]}],"ix":2},"a":{"a":0,"k":[-161.992,16.008,0],"ix":1},"s":{"a":1,"k":[{"i":{"x":[0.833,0.833,0.833],"y":[0.833,0.833,0.833]},"o":{"x":[0.167,0.167,0.167],"y":[0.167,0.167,0.167]},"t":136,"s":[57,57,100]},{"i":{"x":[0.833,0.833,0.833],"y":[0.833,0.833,0.833]},"o":{"x":[0.167,0.167,0.167],"y":[0.167,0.167,0.167]},"t":176,"s":[47.655,47.655,100]},{"t":198.000008064705,"s":[40.655,40.655,100]}],"ix":6}},"ao":0,"shapes":[{"ty":"gr","it":[{"ind":0,"ty":"sh","ix":1,"ks":{"a":0,"k":{"i":[[9.945,0],[0,-9.945],[-9.945,0],[0,9.945]],"o":[[-9.945,0],[0,9.945],[9.945,0],[0,-9.945]],"v":[[0,-18.008],[-18.008,0],[0,18.008],[18.008,0]],"c":true},"ix":2},"nm":"Path 1","mn":"ADBE Vector Shape - Group","hd":false},{"ty":"fl","c":{"a":0,"k":[1,1,1,1],"ix":4},"o":{"a":0,"k":100,"ix":5},"r":1,"bm":0,"nm":"Fill 1","mn":"ADBE Vector Graphic - Fill","hd":false},{"ty":"tr","p":{"a":0,"k":[-161.992,16.008],"ix":2},"a":{"a":0,"k":[0,0],"ix":1},"s":{"a":0,"k":[33.44,33.44],"ix":3},"r":{"a":0,"k":0,"ix":6},"o":{"a":0,"k":100,"ix":7},"sk":{"a":0,"k":0,"ix":4},"sa":{"a":0,"k":0,"ix":5},"nm":"Transform"}],"nm":"Ellipse 1","np":3,"cix":2,"bm":0,"ix":1,"mn":"ADBE Vector Group","hd":false}],"ip":136.000005539394,"op":256.000010427094,"st":136.000005539394,"bm":0},{"ddd":0,"ind":21,"ty":4,"nm":"Shape Layer 12","sr":1,"ks":{"o":{"a":1,"k":[{"i":{"x":[0.833],"y":[0.833]},"o":{"x":[0.167],"y":[0.167]},"t":55,"s":[62]},{"i":{"x":[0.833],"y":[0.833]},"o":{"x":[0.167],"y":[0.167]},"t":60,"s":[61]},{"i":{"x":[0.833],"y":[0.833]},"o":{"x":[0.167],"y":[0.167]},"t":74,"s":[100]},{"t":92.0000037472368,"s":[59]}],"ix":11},"r":{"a":0,"k":0,"ix":10},"p":{"a":1,"k":[{"i":{"x":0.562,"y":0.691},"o":{"x":0.167,"y":0.167},"t":-2,"s":[-7.5,9.5,0],"to":[0,0,0],"ti":[-69.202,-27.933,0]},{"i":{"x":0.654,"y":0.613},"o":{"x":0.314,"y":0.272},"t":22,"s":[68.72,38.607,0],"to":[27.392,9.963,0],"ti":[-35,-24.5,0]},{"i":{"x":0.759,"y":0.654},"o":{"x":0.371,"y":0.282},"t":40.77,"s":[115.5,59,0],"to":[34,37.5,0],"ti":[-97.135,-36.627,0]},{"i":{"x":0.669,"y":0.766},"o":{"x":0.331,"y":0.13},"t":88,"s":[284.356,146.218,0],"to":[4.071,1.92,0],"ti":[-6.021,-2.225,0]},{"i":{"x":0.833,"y":0.833},"o":{"x":0.425,"y":0.771},"t":90,"s":[304.828,167.472,0],"to":[22.823,8.435,0],"ti":[-20.821,-4.974,0]},{"i":{"x":0.833,"y":0.833},"o":{"x":0.167,"y":0.167},"t":95,"s":[300.5,169,0],"to":[0,76.5,0],"ti":[-0.333,-0.167,0]},{"t":101.000004113814,"s":[350.5,149,0]}],"ix":2},"a":{"a":0,"k":[-161.992,16.008,0],"ix":1},"s":{"a":1,"k":[{"i":{"x":[0.833,0.833,0.833],"y":[0.833,0.833,0.833]},"o":{"x":[0.167,0.167,0.167],"y":[0.167,0.167,0.167]},"t":-2,"s":[57,57,100]},{"i":{"x":[0.833,0.833,0.833],"y":[0.833,0.833,0.833]},"o":{"x":[0.167,0.167,0.167],"y":[0.167,0.167,0.167]},"t":38,"s":[47.655,47.655,100]},{"t":60.0000024438501,"s":[40.655,40.655,100]}],"ix":6}},"ao":0,"shapes":[{"ty":"gr","it":[{"ind":0,"ty":"sh","ix":1,"ks":{"a":0,"k":{"i":[[9.945,0],[0,-9.945],[-9.945,0],[0,9.945]],"o":[[-9.945,0],[0,9.945],[9.945,0],[0,-9.945]],"v":[[0,-18.008],[-18.008,0],[0,18.008],[18.008,0]],"c":true},"ix":2},"nm":"Path 1","mn":"ADBE Vector Shape - Group","hd":false},{"ty":"fl","c":{"a":0,"k":[1,1,1,1],"ix":4},"o":{"a":0,"k":100,"ix":5},"r":1,"bm":0,"nm":"Fill 1","mn":"ADBE Vector Graphic - Fill","hd":false},{"ty":"tr","p":{"a":0,"k":[-161.992,16.008],"ix":2},"a":{"a":0,"k":[0,0],"ix":1},"s":{"a":0,"k":[33.44,33.44],"ix":3},"r":{"a":0,"k":0,"ix":6},"o":{"a":0,"k":100,"ix":7},"sk":{"a":0,"k":0,"ix":4},"sa":{"a":0,"k":0,"ix":5},"nm":"Transform"}],"nm":"Ellipse 1","np":3,"cix":2,"bm":0,"ix":1,"mn":"ADBE Vector Group","hd":false}],"ip":0,"op":118.000004806239,"st":-2.00000008146167,"bm":0},{"ddd":0,"ind":22,"ty":4,"nm":"Shape Layer 33","sr":1,"ks":{"o":{"a":1,"k":[{"i":{"x":[0.833],"y":[0.833]},"o":{"x":[0.167],"y":[0.167]},"t":342,"s":[62]},{"i":{"x":[0.833],"y":[0.833]},"o":{"x":[0.167],"y":[0.167]},"t":347,"s":[61]},{"i":{"x":[0.833],"y":[0.833]},"o":{"x":[0.167],"y":[0.167]},"t":361,"s":[100]},{"t":379.000015436986,"s":[59]}],"ix":11},"r":{"a":0,"k":0,"ix":10},"p":{"a":1,"k":[{"i":{"x":0.562,"y":0.694},"o":{"x":0.167,"y":0.167},"t":285,"s":[272.5,-17.5,0],"to":[0,0,0],"ti":[-69.202,-27.933,0]},{"i":{"x":0.693,"y":0.642},"o":{"x":0.311,"y":0.218},"t":309,"s":[338.72,27.607,0],"to":[33.594,12.219,0],"ti":[-35,-24.5,0]},{"i":{"x":0.833,"y":0.833},"o":{"x":0.431,"y":0.432},"t":358.665,"s":[493.5,97,0],"to":[35,24.5,0],"ti":[-33,-54.577,0]},{"i":{"x":0.833,"y":0.833},"o":{"x":0.167,"y":0.167},"t":382,"s":[565.5,150,0],"to":[0,76.5,0],"ti":[-0.333,-0.167,0]},{"t":388.000015803564,"s":[616.5,179,0]}],"ix":2},"a":{"a":0,"k":[-161.992,16.008,0],"ix":1},"s":{"a":0,"k":[61.655,61.655,100],"ix":6}},"ao":0,"shapes":[{"ty":"gr","it":[{"ind":0,"ty":"sh","ix":1,"ks":{"a":0,"k":{"i":[[9.945,0],[0,-9.945],[-9.945,0],[0,9.945]],"o":[[-9.945,0],[0,9.945],[9.945,0],[0,-9.945]],"v":[[0,-18.008],[-18.008,0],[0,18.008],[18.008,0]],"c":true},"ix":2},"nm":"Path 1","mn":"ADBE Vector Shape - Group","hd":false},{"ty":"fl","c":{"a":0,"k":[1,1,1,1],"ix":4},"o":{"a":0,"k":100,"ix":5},"r":1,"bm":0,"nm":"Fill 1","mn":"ADBE Vector Graphic - Fill","hd":false},{"ty":"tr","p":{"a":0,"k":[-161.992,16.008],"ix":2},"a":{"a":0,"k":[0,0],"ix":1},"s":{"a":0,"k":[33.44,33.44],"ix":3},"r":{"a":0,"k":0,"ix":6},"o":{"a":0,"k":100,"ix":7},"sk":{"a":0,"k":0,"ix":4},"sa":{"a":0,"k":0,"ix":5},"nm":"Transform"}],"nm":"Ellipse 1","np":3,"cix":2,"bm":0,"ix":1,"mn":"ADBE Vector Group","hd":false}],"ip":285.000011608288,"op":360.000014663101,"st":285.000011608288,"bm":0},{"ddd":0,"ind":23,"ty":4,"nm":"Shape Layer 20","sr":1,"ks":{"o":{"a":1,"k":[{"i":{"x":[0.833],"y":[0.833]},"o":{"x":[0.167],"y":[0.167]},"t":236,"s":[62]},{"i":{"x":[0.833],"y":[0.833]},"o":{"x":[0.167],"y":[0.167]},"t":241,"s":[61]},{"i":{"x":[0.833],"y":[0.833]},"o":{"x":[0.167],"y":[0.167]},"t":255,"s":[100]},{"t":273.000011119518,"s":[59]}],"ix":11},"r":{"a":0,"k":0,"ix":10},"p":{"a":1,"k":[{"i":{"x":0.562,"y":0.694},"o":{"x":0.167,"y":0.167},"t":179,"s":[272.5,-17.5,0],"to":[0,0,0],"ti":[-69.202,-27.933,0]},{"i":{"x":0.693,"y":0.642},"o":{"x":0.311,"y":0.218},"t":203,"s":[338.72,27.607,0],"to":[33.594,12.219,0],"ti":[-35,-24.5,0]},{"i":{"x":0.833,"y":0.833},"o":{"x":0.431,"y":0.432},"t":252.665,"s":[493.5,97,0],"to":[35,24.5,0],"ti":[-33,-54.577,0]},{"i":{"x":0.833,"y":0.833},"o":{"x":0.167,"y":0.167},"t":276,"s":[565.5,150,0],"to":[0,76.5,0],"ti":[-0.333,-0.167,0]},{"t":282.000011486096,"s":[616.5,179,0]}],"ix":2},"a":{"a":0,"k":[-161.992,16.008,0],"ix":1},"s":{"a":0,"k":[61.655,61.655,100],"ix":6}},"ao":0,"shapes":[{"ty":"gr","it":[{"ind":0,"ty":"sh","ix":1,"ks":{"a":0,"k":{"i":[[9.945,0],[0,-9.945],[-9.945,0],[0,9.945]],"o":[[-9.945,0],[0,9.945],[9.945,0],[0,-9.945]],"v":[[0,-18.008],[-18.008,0],[0,18.008],[18.008,0]],"c":true},"ix":2},"nm":"Path 1","mn":"ADBE Vector Shape - Group","hd":false},{"ty":"fl","c":{"a":0,"k":[1,1,1,1],"ix":4},"o":{"a":0,"k":100,"ix":5},"r":1,"bm":0,"nm":"Fill 1","mn":"ADBE Vector Graphic - Fill","hd":false},{"ty":"tr","p":{"a":0,"k":[-161.992,16.008],"ix":2},"a":{"a":0,"k":[0,0],"ix":1},"s":{"a":0,"k":[33.44,33.44],"ix":3},"r":{"a":0,"k":0,"ix":6},"o":{"a":0,"k":100,"ix":7},"sk":{"a":0,"k":0,"ix":4},"sa":{"a":0,"k":0,"ix":5},"nm":"Transform"}],"nm":"Ellipse 1","np":3,"cix":2,"bm":0,"ix":1,"mn":"ADBE Vector Group","hd":false}],"ip":179.000007290819,"op":299.00001217852,"st":179.000007290819,"bm":0},{"ddd":0,"ind":24,"ty":4,"nm":"Shape Layer 9","sr":1,"ks":{"o":{"a":1,"k":[{"i":{"x":[0.833],"y":[0.833]},"o":{"x":[0.167],"y":[0.167]},"t":98,"s":[62]},{"i":{"x":[0.833],"y":[0.833]},"o":{"x":[0.167],"y":[0.167]},"t":103,"s":[61]},{"i":{"x":[0.833],"y":[0.833]},"o":{"x":[0.167],"y":[0.167]},"t":117,"s":[100]},{"t":135.000005498663,"s":[59]}],"ix":11},"r":{"a":0,"k":0,"ix":10},"p":{"a":1,"k":[{"i":{"x":0.562,"y":0.694},"o":{"x":0.167,"y":0.167},"t":41,"s":[272.5,-17.5,0],"to":[0,0,0],"ti":[-69.202,-27.933,0]},{"i":{"x":0.693,"y":0.642},"o":{"x":0.311,"y":0.218},"t":65,"s":[338.72,27.607,0],"to":[33.594,12.219,0],"ti":[-35,-24.5,0]},{"i":{"x":0.833,"y":0.833},"o":{"x":0.431,"y":0.432},"t":114.665,"s":[493.5,97,0],"to":[35,24.5,0],"ti":[-33,-54.577,0]},{"i":{"x":0.833,"y":0.833},"o":{"x":0.167,"y":0.167},"t":138,"s":[565.5,150,0],"to":[0,76.5,0],"ti":[-0.333,-0.167,0]},{"t":144.00000586524,"s":[616.5,179,0]}],"ix":2},"a":{"a":0,"k":[-161.992,16.008,0],"ix":1},"s":{"a":0,"k":[61.655,61.655,100],"ix":6}},"ao":0,"shapes":[{"ty":"gr","it":[{"ind":0,"ty":"sh","ix":1,"ks":{"a":0,"k":{"i":[[9.945,0],[0,-9.945],[-9.945,0],[0,9.945]],"o":[[-9.945,0],[0,9.945],[9.945,0],[0,-9.945]],"v":[[0,-18.008],[-18.008,0],[0,18.008],[18.008,0]],"c":true},"ix":2},"nm":"Path 1","mn":"ADBE Vector Shape - Group","hd":false},{"ty":"fl","c":{"a":0,"k":[1,1,1,1],"ix":4},"o":{"a":0,"k":100,"ix":5},"r":1,"bm":0,"nm":"Fill 1","mn":"ADBE Vector Graphic - Fill","hd":false},{"ty":"tr","p":{"a":0,"k":[-161.992,16.008],"ix":2},"a":{"a":0,"k":[0,0],"ix":1},"s":{"a":0,"k":[33.44,33.44],"ix":3},"r":{"a":0,"k":0,"ix":6},"o":{"a":0,"k":100,"ix":7},"sk":{"a":0,"k":0,"ix":4},"sa":{"a":0,"k":0,"ix":5},"nm":"Transform"}],"nm":"Ellipse 1","np":3,"cix":2,"bm":0,"ix":1,"mn":"ADBE Vector Group","hd":false}],"ip":41.0000016699642,"op":161.000006557664,"st":41.0000016699642,"bm":0},{"ddd":0,"ind":25,"ty":4,"nm":"Shape Layer 32","sr":1,"ks":{"o":{"a":1,"k":[{"i":{"x":[0.833],"y":[0.833]},"o":{"x":[0.167],"y":[0.167]},"t":301,"s":[62]},{"i":{"x":[0.833],"y":[0.833]},"o":{"x":[0.167],"y":[0.167]},"t":306,"s":[61]},{"i":{"x":[0.833],"y":[0.833]},"o":{"x":[0.167],"y":[0.167]},"t":320,"s":[100]},{"t":338.000013767022,"s":[59]}],"ix":11},"r":{"a":0,"k":0,"ix":10},"p":{"a":1,"k":[{"i":{"x":0.562,"y":0.807},"o":{"x":0.167,"y":0.167},"t":244,"s":[272.5,-17.5,0],"to":[0,0,0],"ti":[-65.202,-13.933,0]},{"i":{"x":0.678,"y":0.649},"o":{"x":0.309,"y":0.263},"t":268,"s":[386.22,44.107,0],"to":[34.094,-1.281,0],"ti":[-35,-24.5,0]},{"i":{"x":0.833,"y":0.833},"o":{"x":0.431,"y":0.427},"t":311.096,"s":[493.5,97,0],"to":[35,24.5,0],"ti":[-33,-54.577,0]},{"i":{"x":0.833,"y":0.833},"o":{"x":0.167,"y":0.167},"t":341,"s":[565.5,150,0],"to":[0,76.5,0],"ti":[-0.333,-0.167,0]},{"t":347.0000141336,"s":[616.5,179,0]}],"ix":2},"a":{"a":0,"k":[-161.992,16.008,0],"ix":1},"s":{"a":1,"k":[{"i":{"x":[0.833,0.833,0.833],"y":[0.833,0.833,0.833]},"o":{"x":[0.167,0.167,0.167],"y":[0.167,0.167,0.167]},"t":244,"s":[57,57,100]},{"i":{"x":[0.833,0.833,0.833],"y":[0.833,0.833,0.833]},"o":{"x":[0.167,0.167,0.167],"y":[0.167,0.167,0.167]},"t":284,"s":[47.655,47.655,100]},{"t":306.000012463636,"s":[40.655,40.655,100]}],"ix":6}},"ao":0,"shapes":[{"ty":"gr","it":[{"ind":0,"ty":"sh","ix":1,"ks":{"a":0,"k":{"i":[[9.945,0],[0,-9.945],[-9.945,0],[0,9.945]],"o":[[-9.945,0],[0,9.945],[9.945,0],[0,-9.945]],"v":[[0,-18.008],[-18.008,0],[0,18.008],[18.008,0]],"c":true},"ix":2},"nm":"Path 1","mn":"ADBE Vector Shape - Group","hd":false},{"ty":"fl","c":{"a":0,"k":[1,1,1,1],"ix":4},"o":{"a":0,"k":100,"ix":5},"r":1,"bm":0,"nm":"Fill 1","mn":"ADBE Vector Graphic - Fill","hd":false},{"ty":"tr","p":{"a":0,"k":[-161.992,16.008],"ix":2},"a":{"a":0,"k":[0,0],"ix":1},"s":{"a":0,"k":[33.44,33.44],"ix":3},"r":{"a":0,"k":0,"ix":6},"o":{"a":0,"k":100,"ix":7},"sk":{"a":0,"k":0,"ix":4},"sa":{"a":0,"k":0,"ix":5},"nm":"Transform"}],"nm":"Ellipse 1","np":3,"cix":2,"bm":0,"ix":1,"mn":"ADBE Vector Group","hd":false}],"ip":244.000009938324,"op":360.000014663101,"st":244.000009938324,"bm":0},{"ddd":0,"ind":26,"ty":4,"nm":"Shape Layer 19","sr":1,"ks":{"o":{"a":1,"k":[{"i":{"x":[0.833],"y":[0.833]},"o":{"x":[0.167],"y":[0.167]},"t":195,"s":[62]},{"i":{"x":[0.833],"y":[0.833]},"o":{"x":[0.167],"y":[0.167]},"t":200,"s":[61]},{"i":{"x":[0.833],"y":[0.833]},"o":{"x":[0.167],"y":[0.167]},"t":214,"s":[100]},{"t":232.000009449554,"s":[59]}],"ix":11},"r":{"a":0,"k":0,"ix":10},"p":{"a":1,"k":[{"i":{"x":0.562,"y":0.807},"o":{"x":0.167,"y":0.167},"t":138,"s":[272.5,-17.5,0],"to":[0,0,0],"ti":[-65.202,-13.933,0]},{"i":{"x":0.678,"y":0.649},"o":{"x":0.309,"y":0.263},"t":162,"s":[386.22,44.107,0],"to":[34.094,-1.281,0],"ti":[-35,-24.5,0]},{"i":{"x":0.833,"y":0.833},"o":{"x":0.431,"y":0.427},"t":205.096,"s":[493.5,97,0],"to":[35,24.5,0],"ti":[-33,-54.577,0]},{"i":{"x":0.833,"y":0.833},"o":{"x":0.167,"y":0.167},"t":235,"s":[565.5,150,0],"to":[0,76.5,0],"ti":[-0.333,-0.167,0]},{"t":241.000009816131,"s":[616.5,179,0]}],"ix":2},"a":{"a":0,"k":[-161.992,16.008,0],"ix":1},"s":{"a":1,"k":[{"i":{"x":[0.833,0.833,0.833],"y":[0.833,0.833,0.833]},"o":{"x":[0.167,0.167,0.167],"y":[0.167,0.167,0.167]},"t":138,"s":[57,57,100]},{"i":{"x":[0.833,0.833,0.833],"y":[0.833,0.833,0.833]},"o":{"x":[0.167,0.167,0.167],"y":[0.167,0.167,0.167]},"t":178,"s":[47.655,47.655,100]},{"t":200.000008146167,"s":[40.655,40.655,100]}],"ix":6}},"ao":0,"shapes":[{"ty":"gr","it":[{"ind":0,"ty":"sh","ix":1,"ks":{"a":0,"k":{"i":[[9.945,0],[0,-9.945],[-9.945,0],[0,9.945]],"o":[[-9.945,0],[0,9.945],[9.945,0],[0,-9.945]],"v":[[0,-18.008],[-18.008,0],[0,18.008],[18.008,0]],"c":true},"ix":2},"nm":"Path 1","mn":"ADBE Vector Shape - Group","hd":false},{"ty":"fl","c":{"a":0,"k":[1,1,1,1],"ix":4},"o":{"a":0,"k":100,"ix":5},"r":1,"bm":0,"nm":"Fill 1","mn":"ADBE Vector Graphic - Fill","hd":false},{"ty":"tr","p":{"a":0,"k":[-161.992,16.008],"ix":2},"a":{"a":0,"k":[0,0],"ix":1},"s":{"a":0,"k":[33.44,33.44],"ix":3},"r":{"a":0,"k":0,"ix":6},"o":{"a":0,"k":100,"ix":7},"sk":{"a":0,"k":0,"ix":4},"sa":{"a":0,"k":0,"ix":5},"nm":"Transform"}],"nm":"Ellipse 1","np":3,"cix":2,"bm":0,"ix":1,"mn":"ADBE Vector Group","hd":false}],"ip":138.000005620855,"op":258.000010508555,"st":138.000005620855,"bm":0},{"ddd":0,"ind":27,"ty":4,"nm":"Shape Layer 4","sr":1,"ks":{"o":{"a":1,"k":[{"i":{"x":[0.833],"y":[0.833]},"o":{"x":[0.167],"y":[0.167]},"t":57,"s":[62]},{"i":{"x":[0.833],"y":[0.833]},"o":{"x":[0.167],"y":[0.167]},"t":62,"s":[61]},{"i":{"x":[0.833],"y":[0.833]},"o":{"x":[0.167],"y":[0.167]},"t":76,"s":[100]},{"t":94.0000038286985,"s":[59]}],"ix":11},"r":{"a":0,"k":0,"ix":10},"p":{"a":1,"k":[{"i":{"x":0.562,"y":0.807},"o":{"x":0.167,"y":0.167},"t":0,"s":[272.5,-17.5,0],"to":[0,0,0],"ti":[-65.202,-13.933,0]},{"i":{"x":0.678,"y":0.649},"o":{"x":0.309,"y":0.263},"t":24,"s":[386.22,44.107,0],"to":[34.094,-1.281,0],"ti":[-35,-24.5,0]},{"i":{"x":0.833,"y":0.833},"o":{"x":0.431,"y":0.427},"t":67.096,"s":[493.5,97,0],"to":[35,24.5,0],"ti":[-33,-54.577,0]},{"i":{"x":0.833,"y":0.833},"o":{"x":0.167,"y":0.167},"t":97,"s":[565.5,150,0],"to":[0,76.5,0],"ti":[-0.333,-0.167,0]},{"t":103.000004195276,"s":[616.5,179,0]}],"ix":2},"a":{"a":0,"k":[-161.992,16.008,0],"ix":1},"s":{"a":1,"k":[{"i":{"x":[0.833,0.833,0.833],"y":[0.833,0.833,0.833]},"o":{"x":[0.167,0.167,0.167],"y":[0.167,0.167,0.167]},"t":0,"s":[57,57,100]},{"i":{"x":[0.833,0.833,0.833],"y":[0.833,0.833,0.833]},"o":{"x":[0.167,0.167,0.167],"y":[0.167,0.167,0.167]},"t":40,"s":[47.655,47.655,100]},{"t":62.0000025253118,"s":[40.655,40.655,100]}],"ix":6}},"ao":0,"shapes":[{"ty":"gr","it":[{"ind":0,"ty":"sh","ix":1,"ks":{"a":0,"k":{"i":[[9.945,0],[0,-9.945],[-9.945,0],[0,9.945]],"o":[[-9.945,0],[0,9.945],[9.945,0],[0,-9.945]],"v":[[0,-18.008],[-18.008,0],[0,18.008],[18.008,0]],"c":true},"ix":2},"nm":"Path 1","mn":"ADBE Vector Shape - Group","hd":false},{"ty":"fl","c":{"a":0,"k":[1,1,1,1],"ix":4},"o":{"a":0,"k":100,"ix":5},"r":1,"bm":0,"nm":"Fill 1","mn":"ADBE Vector Graphic - Fill","hd":false},{"ty":"tr","p":{"a":0,"k":[-161.992,16.008],"ix":2},"a":{"a":0,"k":[0,0],"ix":1},"s":{"a":0,"k":[33.44,33.44],"ix":3},"r":{"a":0,"k":0,"ix":6},"o":{"a":0,"k":100,"ix":7},"sk":{"a":0,"k":0,"ix":4},"sa":{"a":0,"k":0,"ix":5},"nm":"Transform"}],"nm":"Ellipse 1","np":3,"cix":2,"bm":0,"ix":1,"mn":"ADBE Vector Group","hd":false}],"ip":0,"op":120.0000048877,"st":0,"bm":0},{"ddd":0,"ind":28,"ty":4,"nm":"Shape Layer 31","sr":1,"ks":{"o":{"a":1,"k":[{"i":{"x":[0.833],"y":[0.833]},"o":{"x":[0.167],"y":[0.167]},"t":361,"s":[100]},{"t":379.000015436986,"s":[59]}],"ix":11},"r":{"a":0,"k":0,"ix":10},"p":{"a":1,"k":[{"i":{"x":0.562,"y":0.665},"o":{"x":0.167,"y":0.167},"t":285,"s":[195,-13,0],"to":[0,0,0],"ti":[-29.702,-63.433,0]},{"i":{"x":0.664,"y":0.601},"o":{"x":0.308,"y":0.218},"t":309,"s":[248.22,14.107,0],"to":[7.594,16.219,0],"ti":[-35,-24.5,0]},{"i":{"x":0.833,"y":0.833},"o":{"x":0.425,"y":0.404},"t":343.858,"s":[344,82,0],"to":[35,24.5,0],"ti":[-33,-54.577,0]},{"i":{"x":0.833,"y":0.833},"o":{"x":0.167,"y":0.167},"t":382,"s":[490,139,0],"to":[0,76.5,0],"ti":[-0.333,-0.167,0]},{"t":388.000015803564,"s":[616.5,179,0]}],"ix":2},"a":{"a":0,"k":[-161.992,16.008,0],"ix":1},"s":{"a":0,"k":[64,64,100],"ix":6}},"ao":0,"shapes":[{"ty":"gr","it":[{"ind":0,"ty":"sh","ix":1,"ks":{"a":0,"k":{"i":[[9.945,0],[0,-9.945],[-9.945,0],[0,9.945]],"o":[[-9.945,0],[0,9.945],[9.945,0],[0,-9.945]],"v":[[0,-18.008],[-18.008,0],[0,18.008],[18.008,0]],"c":true},"ix":2},"nm":"Path 1","mn":"ADBE Vector Shape - Group","hd":false},{"ty":"fl","c":{"a":0,"k":[1,1,1,1],"ix":4},"o":{"a":0,"k":100,"ix":5},"r":1,"bm":0,"nm":"Fill 1","mn":"ADBE Vector Graphic - Fill","hd":false},{"ty":"tr","p":{"a":0,"k":[-161.992,16.008],"ix":2},"a":{"a":0,"k":[0,0],"ix":1},"s":{"a":0,"k":[33.44,33.44],"ix":3},"r":{"a":0,"k":0,"ix":6},"o":{"a":0,"k":100,"ix":7},"sk":{"a":0,"k":0,"ix":4},"sa":{"a":0,"k":0,"ix":5},"nm":"Transform"}],"nm":"Ellipse 1","np":3,"cix":2,"bm":0,"ix":1,"mn":"ADBE Vector Group","hd":false}],"ip":285.000011608288,"op":360.000014663101,"st":285.000011608288,"bm":0},{"ddd":0,"ind":29,"ty":4,"nm":"Shape Layer 18","sr":1,"ks":{"o":{"a":1,"k":[{"i":{"x":[0.833],"y":[0.833]},"o":{"x":[0.167],"y":[0.167]},"t":255,"s":[100]},{"t":273.000011119518,"s":[59]}],"ix":11},"r":{"a":0,"k":0,"ix":10},"p":{"a":1,"k":[{"i":{"x":0.562,"y":0.665},"o":{"x":0.167,"y":0.167},"t":179,"s":[195,-13,0],"to":[0,0,0],"ti":[-29.702,-63.433,0]},{"i":{"x":0.664,"y":0.601},"o":{"x":0.308,"y":0.218},"t":203,"s":[248.22,14.107,0],"to":[7.594,16.219,0],"ti":[-35,-24.5,0]},{"i":{"x":0.833,"y":0.833},"o":{"x":0.425,"y":0.404},"t":237.858,"s":[344,82,0],"to":[35,24.5,0],"ti":[-33,-54.577,0]},{"i":{"x":0.833,"y":0.833},"o":{"x":0.167,"y":0.167},"t":276,"s":[490,139,0],"to":[0,76.5,0],"ti":[-0.333,-0.167,0]},{"t":282.000011486096,"s":[616.5,179,0]}],"ix":2},"a":{"a":0,"k":[-161.992,16.008,0],"ix":1},"s":{"a":0,"k":[64,64,100],"ix":6}},"ao":0,"shapes":[{"ty":"gr","it":[{"ind":0,"ty":"sh","ix":1,"ks":{"a":0,"k":{"i":[[9.945,0],[0,-9.945],[-9.945,0],[0,9.945]],"o":[[-9.945,0],[0,9.945],[9.945,0],[0,-9.945]],"v":[[0,-18.008],[-18.008,0],[0,18.008],[18.008,0]],"c":true},"ix":2},"nm":"Path 1","mn":"ADBE Vector Shape - Group","hd":false},{"ty":"fl","c":{"a":0,"k":[1,1,1,1],"ix":4},"o":{"a":0,"k":100,"ix":5},"r":1,"bm":0,"nm":"Fill 1","mn":"ADBE Vector Graphic - Fill","hd":false},{"ty":"tr","p":{"a":0,"k":[-161.992,16.008],"ix":2},"a":{"a":0,"k":[0,0],"ix":1},"s":{"a":0,"k":[33.44,33.44],"ix":3},"r":{"a":0,"k":0,"ix":6},"o":{"a":0,"k":100,"ix":7},"sk":{"a":0,"k":0,"ix":4},"sa":{"a":0,"k":0,"ix":5},"nm":"Transform"}],"nm":"Ellipse 1","np":3,"cix":2,"bm":0,"ix":1,"mn":"ADBE Vector Group","hd":false}],"ip":179.000007290819,"op":299.00001217852,"st":179.000007290819,"bm":0},{"ddd":0,"ind":30,"ty":4,"nm":"Shape Layer 8","sr":1,"ks":{"o":{"a":1,"k":[{"i":{"x":[0.833],"y":[0.833]},"o":{"x":[0.167],"y":[0.167]},"t":117,"s":[100]},{"t":135.000005498663,"s":[59]}],"ix":11},"r":{"a":0,"k":0,"ix":10},"p":{"a":1,"k":[{"i":{"x":0.562,"y":0.665},"o":{"x":0.167,"y":0.167},"t":41,"s":[195,-13,0],"to":[0,0,0],"ti":[-29.702,-63.433,0]},{"i":{"x":0.664,"y":0.601},"o":{"x":0.308,"y":0.218},"t":65,"s":[248.22,14.107,0],"to":[7.594,16.219,0],"ti":[-35,-24.5,0]},{"i":{"x":0.833,"y":0.833},"o":{"x":0.425,"y":0.404},"t":99.858,"s":[344,82,0],"to":[35,24.5,0],"ti":[-33,-54.577,0]},{"i":{"x":0.833,"y":0.833},"o":{"x":0.167,"y":0.167},"t":138,"s":[490,139,0],"to":[0,76.5,0],"ti":[-0.333,-0.167,0]},{"t":144.00000586524,"s":[616.5,179,0]}],"ix":2},"a":{"a":0,"k":[-161.992,16.008,0],"ix":1},"s":{"a":0,"k":[64,64,100],"ix":6}},"ao":0,"shapes":[{"ty":"gr","it":[{"ind":0,"ty":"sh","ix":1,"ks":{"a":0,"k":{"i":[[9.945,0],[0,-9.945],[-9.945,0],[0,9.945]],"o":[[-9.945,0],[0,9.945],[9.945,0],[0,-9.945]],"v":[[0,-18.008],[-18.008,0],[0,18.008],[18.008,0]],"c":true},"ix":2},"nm":"Path 1","mn":"ADBE Vector Shape - Group","hd":false},{"ty":"fl","c":{"a":0,"k":[1,1,1,1],"ix":4},"o":{"a":0,"k":100,"ix":5},"r":1,"bm":0,"nm":"Fill 1","mn":"ADBE Vector Graphic - Fill","hd":false},{"ty":"tr","p":{"a":0,"k":[-161.992,16.008],"ix":2},"a":{"a":0,"k":[0,0],"ix":1},"s":{"a":0,"k":[33.44,33.44],"ix":3},"r":{"a":0,"k":0,"ix":6},"o":{"a":0,"k":100,"ix":7},"sk":{"a":0,"k":0,"ix":4},"sa":{"a":0,"k":0,"ix":5},"nm":"Transform"}],"nm":"Ellipse 1","np":3,"cix":2,"bm":0,"ix":1,"mn":"ADBE Vector Group","hd":false}],"ip":41.0000016699642,"op":161.000006557664,"st":41.0000016699642,"bm":0},{"ddd":0,"ind":31,"ty":4,"nm":"Shape Layer 30","sr":1,"ks":{"o":{"a":1,"k":[{"i":{"x":[0.833],"y":[0.833]},"o":{"x":[0.167],"y":[0.167]},"t":320,"s":[100]},{"t":338.000013767022,"s":[59]}],"ix":11},"r":{"a":0,"k":0,"ix":10},"p":{"a":1,"k":[{"i":{"x":0.833,"y":0.833},"o":{"x":0.351,"y":0.236},"t":268,"s":[335.22,-35.893,0],"to":[7.594,16.219,0],"ti":[-53,-26.577,0]},{"t":341.000013889215,"s":[488,173,0]}],"ix":2},"a":{"a":0,"k":[-161.992,16.008,0],"ix":1},"s":{"a":0,"k":[64,64,100],"ix":6}},"ao":0,"shapes":[{"ty":"gr","it":[{"ind":0,"ty":"sh","ix":1,"ks":{"a":0,"k":{"i":[[9.945,0],[0,-9.945],[-9.945,0],[0,9.945]],"o":[[-9.945,0],[0,9.945],[9.945,0],[0,-9.945]],"v":[[0,-18.008],[-18.008,0],[0,18.008],[18.008,0]],"c":true},"ix":2},"nm":"Path 1","mn":"ADBE Vector Shape - Group","hd":false},{"ty":"fl","c":{"a":0,"k":[1,1,1,1],"ix":4},"o":{"a":0,"k":100,"ix":5},"r":1,"bm":0,"nm":"Fill 1","mn":"ADBE Vector Graphic - Fill","hd":false},{"ty":"tr","p":{"a":0,"k":[-161.992,16.008],"ix":2},"a":{"a":0,"k":[0,0],"ix":1},"s":{"a":0,"k":[33.44,33.44],"ix":3},"r":{"a":0,"k":0,"ix":6},"o":{"a":0,"k":100,"ix":7},"sk":{"a":0,"k":0,"ix":4},"sa":{"a":0,"k":0,"ix":5},"nm":"Transform"}],"nm":"Ellipse 1","np":3,"cix":2,"bm":0,"ix":1,"mn":"ADBE Vector Group","hd":false}],"ip":244.000009938324,"op":360.000014663101,"st":244.000009938324,"bm":0},{"ddd":0,"ind":32,"ty":4,"nm":"Shape Layer 17","sr":1,"ks":{"o":{"a":1,"k":[{"i":{"x":[0.833],"y":[0.833]},"o":{"x":[0.167],"y":[0.167]},"t":214,"s":[100]},{"t":232.000009449554,"s":[59]}],"ix":11},"r":{"a":0,"k":0,"ix":10},"p":{"a":1,"k":[{"i":{"x":0.833,"y":0.833},"o":{"x":0.351,"y":0.236},"t":162,"s":[335.22,-35.893,0],"to":[7.594,16.219,0],"ti":[-53,-26.577,0]},{"t":235.000009571746,"s":[488,173,0]}],"ix":2},"a":{"a":0,"k":[-161.992,16.008,0],"ix":1},"s":{"a":0,"k":[64,64,100],"ix":6}},"ao":0,"shapes":[{"ty":"gr","it":[{"ind":0,"ty":"sh","ix":1,"ks":{"a":0,"k":{"i":[[9.945,0],[0,-9.945],[-9.945,0],[0,9.945]],"o":[[-9.945,0],[0,9.945],[9.945,0],[0,-9.945]],"v":[[0,-18.008],[-18.008,0],[0,18.008],[18.008,0]],"c":true},"ix":2},"nm":"Path 1","mn":"ADBE Vector Shape - Group","hd":false},{"ty":"fl","c":{"a":0,"k":[1,1,1,1],"ix":4},"o":{"a":0,"k":100,"ix":5},"r":1,"bm":0,"nm":"Fill 1","mn":"ADBE Vector Graphic - Fill","hd":false},{"ty":"tr","p":{"a":0,"k":[-161.992,16.008],"ix":2},"a":{"a":0,"k":[0,0],"ix":1},"s":{"a":0,"k":[33.44,33.44],"ix":3},"r":{"a":0,"k":0,"ix":6},"o":{"a":0,"k":100,"ix":7},"sk":{"a":0,"k":0,"ix":4},"sa":{"a":0,"k":0,"ix":5},"nm":"Transform"}],"nm":"Ellipse 1","np":3,"cix":2,"bm":0,"ix":1,"mn":"ADBE Vector Group","hd":false}],"ip":138.000005620855,"op":258.000010508555,"st":138.000005620855,"bm":0},{"ddd":0,"ind":33,"ty":4,"nm":"Shape Layer 3","sr":1,"ks":{"o":{"a":1,"k":[{"i":{"x":[0.833],"y":[0.833]},"o":{"x":[0.167],"y":[0.167]},"t":76,"s":[100]},{"t":94.0000038286985,"s":[59]}],"ix":11},"r":{"a":0,"k":0,"ix":10},"p":{"a":1,"k":[{"i":{"x":0.833,"y":0.833},"o":{"x":0.351,"y":0.236},"t":24,"s":[335.22,-35.893,0],"to":[7.594,16.219,0],"ti":[-53,-26.577,0]},{"t":97.000003950891,"s":[488,173,0]}],"ix":2},"a":{"a":0,"k":[-161.992,16.008,0],"ix":1},"s":{"a":0,"k":[64,64,100],"ix":6}},"ao":0,"shapes":[{"ty":"gr","it":[{"ind":0,"ty":"sh","ix":1,"ks":{"a":0,"k":{"i":[[9.945,0],[0,-9.945],[-9.945,0],[0,9.945]],"o":[[-9.945,0],[0,9.945],[9.945,0],[0,-9.945]],"v":[[0,-18.008],[-18.008,0],[0,18.008],[18.008,0]],"c":true},"ix":2},"nm":"Path 1","mn":"ADBE Vector Shape - Group","hd":false},{"ty":"fl","c":{"a":0,"k":[1,1,1,1],"ix":4},"o":{"a":0,"k":100,"ix":5},"r":1,"bm":0,"nm":"Fill 1","mn":"ADBE Vector Graphic - Fill","hd":false},{"ty":"tr","p":{"a":0,"k":[-161.992,16.008],"ix":2},"a":{"a":0,"k":[0,0],"ix":1},"s":{"a":0,"k":[33.44,33.44],"ix":3},"r":{"a":0,"k":0,"ix":6},"o":{"a":0,"k":100,"ix":7},"sk":{"a":0,"k":0,"ix":4},"sa":{"a":0,"k":0,"ix":5},"nm":"Transform"}],"nm":"Ellipse 1","np":3,"cix":2,"bm":0,"ix":1,"mn":"ADBE Vector Group","hd":false}],"ip":0,"op":120.0000048877,"st":0,"bm":0},{"ddd":0,"ind":34,"ty":4,"nm":"Shape Layer 29","sr":1,"ks":{"o":{"a":1,"k":[{"i":{"x":[0.833],"y":[0.833]},"o":{"x":[0.167],"y":[0.167]},"t":361,"s":[100]},{"t":379.000015436986,"s":[59]}],"ix":11},"r":{"a":0,"k":0,"ix":10},"p":{"a":1,"k":[{"i":{"x":0.606,"y":0.924},"o":{"x":0.167,"y":0.167},"t":285,"s":[82,-14,0],"to":[0,0,0],"ti":[-20.079,-15.192,0]},{"i":{"x":0.609,"y":0.565},"o":{"x":0.254,"y":0.192},"t":291,"s":[9.91,-25.208,0],"to":[28.048,21.221,0],"ti":[-54.25,-16.75,0]},{"i":{"x":0.674,"y":0.679},"o":{"x":0.322,"y":0.317},"t":317.215,"s":[83,25.5,0],"to":[39.5,12,0],"ti":[-14.813,-23.863,0]},{"i":{"x":0.674,"y":0.72},"o":{"x":0.34,"y":0.299},"t":349,"s":[186.27,91.574,0],"to":[5.223,8.556,0],"ti":[-4.691,-6.331,0]},{"i":{"x":0.833,"y":0.833},"o":{"x":0.442,"y":0.759},"t":356,"s":[204.977,115.756,0],"to":[19.722,26.616,0],"ti":[-17.893,-9.557,0]},{"t":382.000015559179,"s":[246.5,153.5,0]}],"ix":2},"a":{"a":0,"k":[-161.992,16.008,0],"ix":1},"s":{"a":1,"k":[{"i":{"x":[0,0,0.667],"y":[1,1,1]},"o":{"x":[0.167,0.167,0.167],"y":[0.167,0.167,-0.167]},"t":343,"s":[100,100,100]},{"t":374.000015233332,"s":[99,99,100]}],"ix":6}},"ao":0,"shapes":[{"ty":"gr","it":[{"ind":0,"ty":"sh","ix":1,"ks":{"a":0,"k":{"i":[[9.945,0],[0,-9.945],[-9.945,0],[0,9.945]],"o":[[-9.945,0],[0,9.945],[9.945,0],[0,-9.945]],"v":[[0,-18.008],[-18.008,0],[0,18.008],[18.008,0]],"c":true},"ix":2},"nm":"Path 1","mn":"ADBE Vector Shape - Group","hd":false},{"ty":"fl","c":{"a":0,"k":[1,1,1,1],"ix":4},"o":{"a":0,"k":100,"ix":5},"r":1,"bm":0,"nm":"Fill 1","mn":"ADBE Vector Graphic - Fill","hd":false},{"ty":"tr","p":{"a":0,"k":[-161.992,16.008],"ix":2},"a":{"a":0,"k":[0,0],"ix":1},"s":{"a":0,"k":[33.44,33.44],"ix":3},"r":{"a":0,"k":0,"ix":6},"o":{"a":0,"k":100,"ix":7},"sk":{"a":0,"k":0,"ix":4},"sa":{"a":0,"k":0,"ix":5},"nm":"Transform"}],"nm":"Ellipse 1","np":3,"cix":2,"bm":0,"ix":1,"mn":"ADBE Vector Group","hd":false}],"ip":285.000011608288,"op":360.000014663101,"st":285.000011608288,"bm":0},{"ddd":0,"ind":35,"ty":4,"nm":"Shape Layer 16","sr":1,"ks":{"o":{"a":1,"k":[{"i":{"x":[0.833],"y":[0.833]},"o":{"x":[0.167],"y":[0.167]},"t":255,"s":[100]},{"t":273.000011119518,"s":[59]}],"ix":11},"r":{"a":0,"k":0,"ix":10},"p":{"a":1,"k":[{"i":{"x":0.606,"y":0.924},"o":{"x":0.167,"y":0.167},"t":179,"s":[82,-14,0],"to":[0,0,0],"ti":[-20.079,-15.192,0]},{"i":{"x":0.609,"y":0.565},"o":{"x":0.254,"y":0.192},"t":185,"s":[9.91,-25.208,0],"to":[28.048,21.221,0],"ti":[-54.25,-16.75,0]},{"i":{"x":0.674,"y":0.679},"o":{"x":0.322,"y":0.317},"t":211.215,"s":[83,25.5,0],"to":[39.5,12,0],"ti":[-14.813,-23.863,0]},{"i":{"x":0.674,"y":0.72},"o":{"x":0.34,"y":0.299},"t":243,"s":[186.27,91.574,0],"to":[5.223,8.556,0],"ti":[-4.691,-6.331,0]},{"i":{"x":0.833,"y":0.833},"o":{"x":0.442,"y":0.759},"t":250,"s":[204.977,115.756,0],"to":[19.722,26.616,0],"ti":[-17.893,-9.557,0]},{"t":276.00001124171,"s":[246.5,153.5,0]}],"ix":2},"a":{"a":0,"k":[-161.992,16.008,0],"ix":1},"s":{"a":1,"k":[{"i":{"x":[0,0,0.667],"y":[1,1,1]},"o":{"x":[0.167,0.167,0.167],"y":[0.167,0.167,-0.167]},"t":237,"s":[100,100,100]},{"t":268.000010915864,"s":[99,99,100]}],"ix":6}},"ao":0,"shapes":[{"ty":"gr","it":[{"ind":0,"ty":"sh","ix":1,"ks":{"a":0,"k":{"i":[[9.945,0],[0,-9.945],[-9.945,0],[0,9.945]],"o":[[-9.945,0],[0,9.945],[9.945,0],[0,-9.945]],"v":[[0,-18.008],[-18.008,0],[0,18.008],[18.008,0]],"c":true},"ix":2},"nm":"Path 1","mn":"ADBE Vector Shape - Group","hd":false},{"ty":"fl","c":{"a":0,"k":[1,1,1,1],"ix":4},"o":{"a":0,"k":100,"ix":5},"r":1,"bm":0,"nm":"Fill 1","mn":"ADBE Vector Graphic - Fill","hd":false},{"ty":"tr","p":{"a":0,"k":[-161.992,16.008],"ix":2},"a":{"a":0,"k":[0,0],"ix":1},"s":{"a":0,"k":[33.44,33.44],"ix":3},"r":{"a":0,"k":0,"ix":6},"o":{"a":0,"k":100,"ix":7},"sk":{"a":0,"k":0,"ix":4},"sa":{"a":0,"k":0,"ix":5},"nm":"Transform"}],"nm":"Ellipse 1","np":3,"cix":2,"bm":0,"ix":1,"mn":"ADBE Vector Group","hd":false}],"ip":179.000007290819,"op":299.00001217852,"st":179.000007290819,"bm":0},{"ddd":0,"ind":36,"ty":4,"nm":"Shape Layer 7","sr":1,"ks":{"o":{"a":1,"k":[{"i":{"x":[0.833],"y":[0.833]},"o":{"x":[0.167],"y":[0.167]},"t":117,"s":[100]},{"t":135.000005498663,"s":[59]}],"ix":11},"r":{"a":0,"k":0,"ix":10},"p":{"a":1,"k":[{"i":{"x":0.606,"y":0.924},"o":{"x":0.167,"y":0.167},"t":41,"s":[82,-14,0],"to":[0,0,0],"ti":[-20.079,-15.192,0]},{"i":{"x":0.609,"y":0.565},"o":{"x":0.254,"y":0.192},"t":47,"s":[9.91,-25.208,0],"to":[28.048,21.221,0],"ti":[-54.25,-16.75,0]},{"i":{"x":0.674,"y":0.679},"o":{"x":0.322,"y":0.317},"t":73.215,"s":[83,25.5,0],"to":[39.5,12,0],"ti":[-14.813,-23.863,0]},{"i":{"x":0.674,"y":0.72},"o":{"x":0.34,"y":0.299},"t":105,"s":[186.27,91.574,0],"to":[5.223,8.556,0],"ti":[-4.691,-6.331,0]},{"i":{"x":0.833,"y":0.833},"o":{"x":0.442,"y":0.759},"t":112,"s":[204.977,115.756,0],"to":[19.722,26.616,0],"ti":[-17.893,-9.557,0]},{"t":138.000005620855,"s":[246.5,153.5,0]}],"ix":2},"a":{"a":0,"k":[-161.992,16.008,0],"ix":1},"s":{"a":1,"k":[{"i":{"x":[0,0,0.667],"y":[1,1,1]},"o":{"x":[0.167,0.167,0.167],"y":[0.167,0.167,-0.167]},"t":99,"s":[100,100,100]},{"t":130.000005295009,"s":[99,99,100]}],"ix":6}},"ao":0,"shapes":[{"ty":"gr","it":[{"ind":0,"ty":"sh","ix":1,"ks":{"a":0,"k":{"i":[[9.945,0],[0,-9.945],[-9.945,0],[0,9.945]],"o":[[-9.945,0],[0,9.945],[9.945,0],[0,-9.945]],"v":[[0,-18.008],[-18.008,0],[0,18.008],[18.008,0]],"c":true},"ix":2},"nm":"Path 1","mn":"ADBE Vector Shape - Group","hd":false},{"ty":"fl","c":{"a":0,"k":[1,1,1,1],"ix":4},"o":{"a":0,"k":100,"ix":5},"r":1,"bm":0,"nm":"Fill 1","mn":"ADBE Vector Graphic - Fill","hd":false},{"ty":"tr","p":{"a":0,"k":[-161.992,16.008],"ix":2},"a":{"a":0,"k":[0,0],"ix":1},"s":{"a":0,"k":[33.44,33.44],"ix":3},"r":{"a":0,"k":0,"ix":6},"o":{"a":0,"k":100,"ix":7},"sk":{"a":0,"k":0,"ix":4},"sa":{"a":0,"k":0,"ix":5},"nm":"Transform"}],"nm":"Ellipse 1","np":3,"cix":2,"bm":0,"ix":1,"mn":"ADBE Vector Group","hd":false}],"ip":41.0000016699642,"op":161.000006557664,"st":41.0000016699642,"bm":0},{"ddd":0,"ind":37,"ty":4,"nm":"Shape Layer 28","sr":1,"ks":{"o":{"a":1,"k":[{"i":{"x":[0.833],"y":[0.833]},"o":{"x":[0.167],"y":[0.167]},"t":280,"s":[75]},{"i":{"x":[0.833],"y":[0.833]},"o":{"x":[0.167],"y":[0.167]},"t":320,"s":[100]},{"t":338.000013767022,"s":[59]}],"ix":11},"r":{"a":0,"k":0,"ix":10},"p":{"a":1,"k":[{"i":{"x":0.618,"y":0.645},"o":{"x":0.167,"y":0.167},"t":244,"s":[82,-14,0],"to":[0,0,0],"ti":[-71.258,-41.81,0]},{"i":{"x":0.833,"y":0.833},"o":{"x":0.346,"y":0.299},"t":308,"s":[324.27,93.574,0],"to":[18.102,8.729,0],"ti":[-32.338,-11.654,0]},{"t":341.000013889215,"s":[453,164.5,0]}],"ix":2},"a":{"a":0,"k":[-161.992,16.008,0],"ix":1},"s":{"a":1,"k":[{"i":{"x":[0.833,0.833,0.833],"y":[0.833,0.833,0.833]},"o":{"x":[0.167,0.167,0.167],"y":[0.167,0.167,0.167]},"t":265,"s":[91,91,100]},{"i":{"x":[0,0,0.667],"y":[1,1,1]},"o":{"x":[0.167,0.167,0.167],"y":[0.167,0.167,-0.167]},"t":302,"s":[100,100,100]},{"t":333.000013563368,"s":[99,99,100]}],"ix":6}},"ao":0,"shapes":[{"ty":"gr","it":[{"ind":0,"ty":"sh","ix":1,"ks":{"a":0,"k":{"i":[[9.945,0],[0,-9.945],[-9.945,0],[0,9.945]],"o":[[-9.945,0],[0,9.945],[9.945,0],[0,-9.945]],"v":[[0,-18.008],[-18.008,0],[0,18.008],[18.008,0]],"c":true},"ix":2},"nm":"Path 1","mn":"ADBE Vector Shape - Group","hd":false},{"ty":"fl","c":{"a":0,"k":[1,1,1,1],"ix":4},"o":{"a":0,"k":100,"ix":5},"r":1,"bm":0,"nm":"Fill 1","mn":"ADBE Vector Graphic - Fill","hd":false},{"ty":"tr","p":{"a":0,"k":[-161.992,16.008],"ix":2},"a":{"a":0,"k":[0,0],"ix":1},"s":{"a":0,"k":[33.44,33.44],"ix":3},"r":{"a":0,"k":0,"ix":6},"o":{"a":0,"k":100,"ix":7},"sk":{"a":0,"k":0,"ix":4},"sa":{"a":0,"k":0,"ix":5},"nm":"Transform"}],"nm":"Ellipse 1","np":3,"cix":2,"bm":0,"ix":1,"mn":"ADBE Vector Group","hd":false}],"ip":244.000009938324,"op":360.000014663101,"st":244.000009938324,"bm":0},{"ddd":0,"ind":38,"ty":4,"nm":"Shape Layer 15","sr":1,"ks":{"o":{"a":1,"k":[{"i":{"x":[0.833],"y":[0.833]},"o":{"x":[0.167],"y":[0.167]},"t":174,"s":[75]},{"i":{"x":[0.833],"y":[0.833]},"o":{"x":[0.167],"y":[0.167]},"t":214,"s":[100]},{"t":232.000009449554,"s":[59]}],"ix":11},"r":{"a":0,"k":0,"ix":10},"p":{"a":1,"k":[{"i":{"x":0.618,"y":0.645},"o":{"x":0.167,"y":0.167},"t":138,"s":[82,-14,0],"to":[0,0,0],"ti":[-71.258,-41.81,0]},{"i":{"x":0.833,"y":0.833},"o":{"x":0.346,"y":0.299},"t":202,"s":[324.27,93.574,0],"to":[18.102,8.729,0],"ti":[-32.338,-11.654,0]},{"t":235.000009571746,"s":[453,164.5,0]}],"ix":2},"a":{"a":0,"k":[-161.992,16.008,0],"ix":1},"s":{"a":1,"k":[{"i":{"x":[0.833,0.833,0.833],"y":[0.833,0.833,0.833]},"o":{"x":[0.167,0.167,0.167],"y":[0.167,0.167,0.167]},"t":159,"s":[91,91,100]},{"i":{"x":[0,0,0.667],"y":[1,1,1]},"o":{"x":[0.167,0.167,0.167],"y":[0.167,0.167,-0.167]},"t":196,"s":[100,100,100]},{"t":227.0000092459,"s":[99,99,100]}],"ix":6}},"ao":0,"shapes":[{"ty":"gr","it":[{"ind":0,"ty":"sh","ix":1,"ks":{"a":0,"k":{"i":[[9.945,0],[0,-9.945],[-9.945,0],[0,9.945]],"o":[[-9.945,0],[0,9.945],[9.945,0],[0,-9.945]],"v":[[0,-18.008],[-18.008,0],[0,18.008],[18.008,0]],"c":true},"ix":2},"nm":"Path 1","mn":"ADBE Vector Shape - Group","hd":false},{"ty":"fl","c":{"a":0,"k":[1,1,1,1],"ix":4},"o":{"a":0,"k":100,"ix":5},"r":1,"bm":0,"nm":"Fill 1","mn":"ADBE Vector Graphic - Fill","hd":false},{"ty":"tr","p":{"a":0,"k":[-161.992,16.008],"ix":2},"a":{"a":0,"k":[0,0],"ix":1},"s":{"a":0,"k":[33.44,33.44],"ix":3},"r":{"a":0,"k":0,"ix":6},"o":{"a":0,"k":100,"ix":7},"sk":{"a":0,"k":0,"ix":4},"sa":{"a":0,"k":0,"ix":5},"nm":"Transform"}],"nm":"Ellipse 1","np":3,"cix":2,"bm":0,"ix":1,"mn":"ADBE Vector Group","hd":false}],"ip":138.000005620855,"op":258.000010508555,"st":138.000005620855,"bm":0},{"ddd":0,"ind":39,"ty":4,"nm":"Shape Layer 1","sr":1,"ks":{"o":{"a":1,"k":[{"i":{"x":[0.833],"y":[0.833]},"o":{"x":[0.167],"y":[0.167]},"t":36,"s":[75]},{"i":{"x":[0.833],"y":[0.833]},"o":{"x":[0.167],"y":[0.167]},"t":76,"s":[100]},{"t":94.0000038286985,"s":[59]}],"ix":11},"r":{"a":0,"k":0,"ix":10},"p":{"a":1,"k":[{"i":{"x":0.618,"y":0.645},"o":{"x":0.167,"y":0.167},"t":0,"s":[82,-14,0],"to":[0,0,0],"ti":[-71.258,-41.81,0]},{"i":{"x":0.833,"y":0.833},"o":{"x":0.346,"y":0.299},"t":64,"s":[324.27,93.574,0],"to":[18.102,8.729,0],"ti":[-32.338,-11.654,0]},{"t":97.000003950891,"s":[453,164.5,0]}],"ix":2},"a":{"a":0,"k":[-161.992,16.008,0],"ix":1},"s":{"a":1,"k":[{"i":{"x":[0.833,0.833,0.833],"y":[0.833,0.833,0.833]},"o":{"x":[0.167,0.167,0.167],"y":[0.167,0.167,0.167]},"t":21,"s":[91,91,100]},{"i":{"x":[0,0,0.667],"y":[1,1,1]},"o":{"x":[0.167,0.167,0.167],"y":[0.167,0.167,-0.167]},"t":58,"s":[100,100,100]},{"t":89.0000036250443,"s":[99,99,100]}],"ix":6}},"ao":0,"shapes":[{"ty":"gr","it":[{"ind":0,"ty":"sh","ix":1,"ks":{"a":0,"k":{"i":[[9.945,0],[0,-9.945],[-9.945,0],[0,9.945]],"o":[[-9.945,0],[0,9.945],[9.945,0],[0,-9.945]],"v":[[0,-18.008],[-18.008,0],[0,18.008],[18.008,0]],"c":true},"ix":2},"nm":"Path 1","mn":"ADBE Vector Shape - Group","hd":false},{"ty":"fl","c":{"a":0,"k":[1,1,1,1],"ix":4},"o":{"a":0,"k":100,"ix":5},"r":1,"bm":0,"nm":"Fill 1","mn":"ADBE Vector Graphic - Fill","hd":false},{"ty":"tr","p":{"a":0,"k":[-161.992,16.008],"ix":2},"a":{"a":0,"k":[0,0],"ix":1},"s":{"a":0,"k":[33.44,33.44],"ix":3},"r":{"a":0,"k":0,"ix":6},"o":{"a":0,"k":100,"ix":7},"sk":{"a":0,"k":0,"ix":4},"sa":{"a":0,"k":0,"ix":5},"nm":"Transform"}],"nm":"Ellipse 1","np":3,"cix":2,"bm":0,"ix":1,"mn":"ADBE Vector Group","hd":false}],"ip":0,"op":120.0000048877,"st":0,"bm":0}],"markers":[]}