{"ip":0,"fr":60,"v":"5.1.20","assets":[],"layers":[{"ty":4,"nm":"check","ip":0,"st":0,"ind":22,"hix":15,"ks":{"o":{"a":1,"k":[{"t":0,"s":[0],"e":[100],"i":{"x":[0.515],"y":[0.955]},"o":{"x":[0.455],"y":[0.03]}},{"t":10}]},"or":{"a":0,"k":[0,0,0]},"a":{"a":0,"k":[37,27.5,0]},"p":{"s":true,"x":{"a":0,"k":275},"y":{"a":0,"k":200}},"rx":{"a":0,"k":0},"ry":{"a":0,"k":0},"rz":{"a":1,"k":[{"t":0,"s":[0],"e":[0],"i":{"x":[1],"y":[1]},"o":{"x":[0],"y":[0]}},{"t":50,"s":[0],"e":[-2.864788975654116],"i":{"x":[0.515],"y":[0.955]},"o":{"x":[0.455],"y":[0.03]}},{"t":55,"s":[-2.864788975654116],"e":[2.864788975654116],"i":{"x":[0.515],"y":[0.955]},"o":{"x":[0.455],"y":[0.03]}},{"t":60,"s":[2.864788975654116],"e":[-2.864788975654116],"i":{"x":[0.515],"y":[0.955]},"o":{"x":[0.455],"y":[0.03]}},{"t":65,"s":[-2.864788975654116],"e":[2.864788975654116],"i":{"x":[0.515],"y":[0.955]},"o":{"x":[0.455],"y":[0.03]}},{"t":70,"s":[2.864788975654116],"e":[-2.864788975654116],"i":{"x":[0.515],"y":[0.955]},"o":{"x":[0.455],"y":[0.03]}},{"t":75,"s":[-2.864788975654116],"e":[2.864788975654116],"i":{"x":[0.515],"y":[0.955]},"o":{"x":[0.455],"y":[0.03]}},{"t":80,"s":[2.864788975654116],"e":[0],"i":{"x":[0.515],"y":[0.955]},"o":{"x":[0.455],"y":[0.03]}},{"t":85}]},"s":{"a":1,"k":[{"t":0,"s":[0,0],"e":[0,0],"i":{"x":[0.175,0.175],"y":[1,1]},"o":{"x":[0.77,0.77],"y":[0,0]}},{"t":2,"s":[0,0],"e":[100,100],"i":{"x":[0.175,0.175],"y":[1,1]},"o":{"x":[0.77,0.77],"y":[0,0]}},{"t":32}]}},"shapes":[{"ty":"gr","nm":"check shape group","it":[{"ty":"sh","ks":{"a":0,"k":{"c":true,"v":[[25.0762,53.9202],[30.4238,53.9202],[72.916,11.5903],[72.916,6.26309],[67.7129,1.07984],[62.5098,1.07984],[27.8223,35.6348],[11.4902,19.5092],[6.28711,19.5092],[1.08398,24.6924],[1.08398,30.0196]],"i":[[0,0],[-1.4452999999999996,1.439700000000002],[0,0],[1.4453000000000031,1.4397900000000003],[0,0],[1.4453000000000031,-1.4397879999999998],[0,0],[0,0],[1.44531,-1.4397999999999982],[0,0],[-1.4453079999999998,-1.4398000000000017]],"o":[[1.4452999999999996,1.439700000000002],[0,0],[1.4453000000000031,-1.4398],[0,0],[-1.4453000000000031,-1.4397879999999998],[0,0],[0,0],[-1.4452999999999996,-1.4397999999999982],[0,0],[-1.4453079999999998,1.4398000000000017],[0,0]]}}},{"ty":"st","o":{"a":0,"k":0},"w":{"a":0,"k":0},"c":{"a":0,"k":[0,0,0,0]},"lc":3,"lj":1,"ml":1},{"ty":"fl","o":{"a":0,"k":100},"r":1,"c":{"a":0,"k":[1,1,1,1]}},{"ty":"tr","o":{"a":0,"k":100},"a":{"a":0,"k":[0,0]},"s":{"a":0,"k":[100,100]},"p":{"a":0,"k":[0,0]},"r":{"a":0,"k":0}}]}],"op":150},{"ty":4,"nm":"green-circle","ip":0,"st":0,"ind":21,"hix":22,"ks":{"o":{"a":0,"k":100},"or":{"a":0,"k":[0,0,0]},"a":{"a":0,"k":[89,89,0]},"p":{"s":true,"x":{"a":0,"k":275},"y":{"a":0,"k":200}},"rx":{"a":0,"k":0},"ry":{"a":0,"k":0},"rz":{"a":0,"k":0},"s":{"a":1,"k":[{"t":0,"s":[0,0],"e":[100,100],"i":{"x":[0.515,0.515],"y":[0.955,0.955]},"o":{"x":[0.455,0.455],"y":[0.03,0.03]}},{"t":10,"s":[100,100],"e":[100,100],"i":{"x":[0.515,0.515],"y":[0.955,0.955]},"o":{"x":[0.455,0.455],"y":[0.03,0.03]}},{"t":70}]}},"shapes":[{"ty":"gr","nm":"green-circle shape group","it":[{"ty":"el","p":{"a":0,"k":[89,89]},"s":{"a":0,"k":[145.9524,145.9526]}},{"ty":"st","o":{"a":0,"k":0},"w":{"a":0,"k":0},"c":{"a":0,"k":[0,0,0,0]},"lc":3,"lj":1,"ml":1},{"ty":"fl","o":{"a":0,"k":100},"r":1,"c":{"a":0,"k":[0.2823529411764706,0.7333333333333333,0.47058823529411764,1]}},{"ty":"tr","o":{"a":0,"k":100},"a":{"a":0,"k":[0,0]},"s":{"a":0,"k":[100,100]},"p":{"a":0,"k":[0,0]},"r":{"a":0,"k":0}}]}],"op":150},{"ty":4,"nm":"smaller-circle-6","ip":0,"st":0,"ind":20,"hix":9,"ks":{"o":{"a":1,"k":[{"t":0,"s":[0],"e":[0],"i":{"x":[1],"y":[1]},"o":{"x":[0],"y":[0]}},{"t":9,"s":[0],"e":[100],"i":{"x":[0.515],"y":[0.955]},"o":{"x":[0.455],"y":[0.03]}},{"t":10,"s":[100],"e":[100],"i":{"x":[0.515],"y":[0.955]},"o":{"x":[0.455],"y":[0.03]}},{"t":46,"s":[100],"e":[0],"i":{"x":[0.515],"y":[0.955]},"o":{"x":[0.455],"y":[0.03]}},{"t":70}]},"or":{"a":0,"k":[0,0,0]},"a":{"a":0,"k":[2.5,2.5,0]},"p":{"s":true,"x":{"a":1,"k":[{"t":0,"s":[275],"e":[321],"i":{"x":[0.515],"y":[0.955]},"o":{"x":[0.455],"y":[0.03]}},{"t":25,"s":[321],"e":[565.893],"i":{"x":[0.515],"y":[0.955]},"o":{"x":[0.455],"y":[0.03]}},{"t":70}]},"y":{"a":1,"k":[{"t":0,"s":[195.56802368164062],"e":[174],"i":{"x":[0.515],"y":[0.955]},"o":{"x":[0.455],"y":[0.03]}},{"t":25,"s":[174],"e":[-17.891],"i":{"x":[0.515],"y":[0.955]},"o":{"x":[0.455],"y":[0.03]}},{"t":70}]}},"rx":{"a":0,"k":0},"ry":{"a":0,"k":0},"rz":{"a":1,"k":[{"t":0,"s":[135.04615231233504],"e":[0],"i":{"x":[0.515],"y":[0.955]},"o":{"x":[0.455],"y":[0.03]}},{"t":25,"s":[0],"e":[-171.88733853924697],"i":{"x":[0.515],"y":[0.955]},"o":{"x":[0.455],"y":[0.03]}},{"t":70}]},"s":{"a":1,"k":[{"t":0,"s":[100,100],"e":[400,100],"i":{"x":[0.515,1],"y":[0.955,1]},"o":{"x":[0.455,0],"y":[0.03,0]}},{"t":70}]}},"shapes":[{"ty":"gr","nm":"smaller-circle-6 shape group","it":[{"ty":"rc","s":{"a":0,"k":[5,5]},"r":{"a":0,"k":0},"p":{"a":0,"k":[2.5,2.5]}},{"ty":"st","o":{"a":0,"k":0},"w":{"a":0,"k":0},"c":{"a":0,"k":[0,0,0,0]},"lc":3,"lj":1,"ml":1},{"ty":"fl","o":{"a":0,"k":100},"r":1,"c":{"a":0,"k":[0.38823529411764707,0.7019607843137254,0.9294117647058824,1]}},{"ty":"tr","o":{"a":0,"k":100},"a":{"a":0,"k":[0,0]},"s":{"a":0,"k":[100,100]},"p":{"a":0,"k":[0,0]},"r":{"a":0,"k":0}}]}],"op":150},{"ty":4,"nm":"small-circle-1-copy","ip":0,"st":0,"ind":19,"hix":7,"ks":{"o":{"a":1,"k":[{"t":0,"s":[0],"e":[100],"i":{"x":[0.515],"y":[0.955]},"o":{"x":[0.455],"y":[0.03]}},{"t":46,"s":[100],"e":[100],"i":{"x":[1],"y":[1]},"o":{"x":[0],"y":[0]}},{"t":57,"s":[100],"e":[0],"i":{"x":[0.515],"y":[0.955]},"o":{"x":[0.455],"y":[0.03]}},{"t":79}]},"or":{"a":0,"k":[0,0,0]},"a":{"a":0,"k":[4.5,4.5,0]},"p":{"s":true,"x":{"a":1,"k":[{"t":0,"s":[275],"e":[275],"i":{"x":[1],"y":[1]},"o":{"x":[0],"y":[0]}},{"t":35,"s":[275],"e":[275],"i":{"x":[0.515],"y":[0.955]},"o":{"x":[0.455],"y":[0.03]}},{"t":79}]},"y":{"a":1,"k":[{"t":0,"s":[200],"e":[200],"i":{"x":[1],"y":[1]},"o":{"x":[0],"y":[0]}},{"t":35,"s":[200],"e":[-22.067764282226562],"i":{"x":[0.515],"y":[0.955]},"o":{"x":[0.455],"y":[0.03]}},{"t":79}]}},"rx":{"a":0,"k":0},"ry":{"a":0,"k":0},"rz":{"a":0,"k":0},"s":{"a":0,"k":[100,100,100]}},"shapes":[{"ty":"gr","nm":"small-circle-1-copy shape group","it":[{"ty":"el","p":{"a":0,"k":[4,4]},"s":{"a":0,"k":[9,9]}},{"ty":"st","o":{"a":0,"k":0},"w":{"a":0,"k":0},"c":{"a":0,"k":[0,0,0,0]},"lc":3,"lj":1,"ml":1},{"ty":"fl","o":{"a":0,"k":100},"r":1,"c":{"a":0,"k":[0.9176470588235294,0.9254901960784314,0.9568627450980393,1]}},{"ty":"tr","o":{"a":0,"k":100},"a":{"a":0,"k":[0,0]},"s":{"a":0,"k":[100,100]},"p":{"a":0,"k":[0,0]},"r":{"a":0,"k":0}}]}],"op":150},{"ty":4,"nm":"small-circle-6-copy","ip":0,"st":0,"ind":18,"hix":2,"ks":{"o":{"a":1,"k":[{"t":0,"s":[0],"e":[100],"i":{"x":[0.515],"y":[0.955]},"o":{"x":[0.455],"y":[0.03]}},{"t":46,"s":[100],"e":[100],"i":{"x":[1],"y":[1]},"o":{"x":[0],"y":[0]}},{"t":57,"s":[100],"e":[0],"i":{"x":[0.515],"y":[0.955]},"o":{"x":[0.455],"y":[0.03]}},{"t":79}]},"or":{"a":0,"k":[0,0,0]},"a":{"a":0,"k":[4.5,4.5,0]},"p":{"s":true,"x":{"a":1,"k":[{"t":0,"s":[275],"e":[275],"i":{"x":[0.515],"y":[0.955]},"o":{"x":[0.455],"y":[0.03]}},{"t":35,"s":[275],"e":[-18.36505126953125],"i":{"x":[0.515],"y":[0.955]},"o":{"x":[0.455],"y":[0.03]}},{"t":79}]},"y":{"a":1,"k":[{"t":0,"s":[200],"e":[200],"i":{"x":[0.515],"y":[0.955]},"o":{"x":[0.455],"y":[0.03]}},{"t":35,"s":[200],"e":[26.550001525878905],"i":{"x":[0.515],"y":[0.955]},"o":{"x":[0.455],"y":[0.03]}},{"t":79}]}},"rx":{"a":0,"k":0},"ry":{"a":0,"k":0},"rz":{"a":1,"k":[{"t":0,"s":[0],"e":[0],"i":{"x":[1],"y":[1]},"o":{"x":[0],"y":[0]}},{"t":46,"s":[0],"e":[114.59155902616465],"i":{"x":[0.515],"y":[0.955]},"o":{"x":[0.455],"y":[0.03]}},{"t":79}]},"s":{"a":0,"k":[100,100,100]}},"shapes":[{"ty":"gr","nm":"small-circle-6-copy shape group","it":[{"ty":"rc","s":{"a":0,"k":[5.46447,5.46447]},"r":{"a":0,"k":0},"p":{"a":0,"k":[3.232235,7.232235]}},{"ty":"st","o":{"a":0,"k":0},"w":{"a":0,"k":0},"c":{"a":0,"k":[0,0,0,0]},"lc":3,"lj":1,"ml":1},{"ty":"fl","o":{"a":0,"k":100},"r":1,"c":{"a":0,"k":[0.9686274509803922,0.23921568627450981,0.6313725490196078,1]}},{"ty":"tr","o":{"a":0,"k":100},"a":{"a":0,"k":[0,0]},"s":{"a":0,"k":[100,100]},"p":{"a":0,"k":[-3.036,1.672]},"r":{"a":0,"k":315.0121957629266}}]}],"op":150},{"ty":4,"nm":"small-circle-5-copy","ip":0,"st":0,"ind":17,"hix":3,"ks":{"o":{"a":1,"k":[{"t":0,"s":[0],"e":[100],"i":{"x":[0.515],"y":[0.955]},"o":{"x":[0.455],"y":[0.03]}},{"t":46,"s":[100],"e":[100],"i":{"x":[1],"y":[1]},"o":{"x":[0],"y":[0]}},{"t":57,"s":[100],"e":[0],"i":{"x":[0.515],"y":[0.955]},"o":{"x":[0.455],"y":[0.03]}},{"t":79}]},"or":{"a":0,"k":[0,0,0]},"a":{"a":0,"k":[4.5,4.5,0]},"p":{"s":true,"x":{"a":1,"k":[{"t":0,"s":[275],"e":[275],"i":{"x":[0.515],"y":[0.955]},"o":{"x":[0.455],"y":[0.03]}},{"t":35,"s":[275],"e":[494.3780517578125],"i":{"x":[0.515],"y":[0.955]},"o":{"x":[0.455],"y":[0.03]}},{"t":63,"s":[494.3780517578125],"e":[572.458984375],"i":{"x":[0.515],"y":[0.955]},"o":{"x":[0.455],"y":[0.03]}},{"t":79}]},"y":{"a":1,"k":[{"t":0,"s":[200],"e":[200],"i":{"x":[0.515],"y":[0.955]},"o":{"x":[0.455],"y":[0.03]}},{"t":35,"s":[200],"e":[71.95233154296875],"i":{"x":[0.515],"y":[0.955]},"o":{"x":[0.455],"y":[0.03]}},{"t":63,"s":[71.95233154296875],"e":[26.550001525878905],"i":{"x":[0.515],"y":[0.955]},"o":{"x":[0.455],"y":[0.03]}},{"t":79}]}},"rx":{"a":0,"k":0},"ry":{"a":0,"k":0},"rz":{"a":1,"k":[{"t":0,"s":[0],"e":[0],"i":{"x":[1],"y":[1]},"o":{"x":[0],"y":[0]}},{"t":46,"s":[0],"e":[-286.4788975654116],"i":{"x":[0.515],"y":[0.955]},"o":{"x":[0.455],"y":[0.03]}},{"t":79}]},"s":{"a":0,"k":[100,100,100]}},"shapes":[{"ty":"gr","nm":"small-circle-5-copy shape group","it":[{"ty":"rc","s":{"a":0,"k":[9,9]},"r":{"a":0,"k":0},"p":{"a":0,"k":[4.5,4.5]}},{"ty":"st","o":{"a":0,"k":0},"w":{"a":0,"k":0},"c":{"a":0,"k":[0,0,0,0]},"lc":3,"lj":1,"ml":1},{"ty":"fl","o":{"a":0,"k":100},"r":1,"c":{"a":0,"k":[0.803921568627451,0.6039215686274509,0.996078431372549,1]}},{"ty":"tr","o":{"a":0,"k":100},"a":{"a":0,"k":[0,0]},"s":{"a":0,"k":[100,100]},"p":{"a":0,"k":[0,0]},"r":{"a":0,"k":0}}]}],"op":150},{"ty":4,"nm":"small-circle-3-copy","ip":0,"st":0,"ind":16,"hix":5,"ks":{"o":{"a":1,"k":[{"t":0,"s":[0],"e":[100],"i":{"x":[0.515],"y":[0.955]},"o":{"x":[0.455],"y":[0.03]}},{"t":46,"s":[100],"e":[100],"i":{"x":[1],"y":[1]},"o":{"x":[0],"y":[0]}},{"t":57,"s":[100],"e":[0],"i":{"x":[0.515],"y":[0.955]},"o":{"x":[0.455],"y":[0.03]}},{"t":79}]},"or":{"a":0,"k":[0,0,0]},"a":{"a":0,"k":[4.5,4.5,0]},"p":{"s":true,"x":{"a":1,"k":[{"t":0,"s":[275],"e":[275],"i":{"x":[1],"y":[1]},"o":{"x":[0],"y":[0]}},{"t":35,"s":[275],"e":[-18.36505126953125],"i":{"x":[0.515],"y":[0.955]},"o":{"x":[0.455],"y":[0.03]}},{"t":79}]},"y":{"a":1,"k":[{"t":0,"s":[200],"e":[200],"i":{"x":[1],"y":[1]},"o":{"x":[0],"y":[0]}},{"t":35,"s":[200],"e":[368.70000610351565],"i":{"x":[0.515],"y":[0.955]},"o":{"x":[0.455],"y":[0.03]}},{"t":79}]}},"rx":{"a":0,"k":0},"ry":{"a":0,"k":0},"rz":{"a":1,"k":[{"t":0,"s":[0],"e":[0],"i":{"x":[1],"y":[1]},"o":{"x":[0],"y":[0]}},{"t":46,"s":[0],"e":[-137.50987083139756],"i":{"x":[0.515],"y":[0.955]},"o":{"x":[0.455],"y":[0.03]}},{"t":79}]},"s":{"a":0,"k":[100,100,100]}},"shapes":[{"ty":"gr","nm":"small-circle-3-copy shape group","it":[{"ty":"rc","s":{"a":0,"k":[2,9]},"r":{"a":0,"k":1},"p":{"a":0,"k":[4,4.5]}},{"ty":"st","o":{"a":0,"k":0},"w":{"a":0,"k":0},"c":{"a":0,"k":[0,0,0,0]},"lc":3,"lj":1,"ml":1},{"ty":"fl","o":{"a":0,"k":100},"r":1,"c":{"a":0,"k":[0.40784313725490196,0.8274509803921568,0.5686274509803921,1]}},{"ty":"tr","o":{"a":0,"k":100},"a":{"a":0,"k":[0,0]},"s":{"a":0,"k":[100,100]},"p":{"a":0,"k":[0,0]},"r":{"a":0,"k":0}}]}],"op":150},{"ty":4,"nm":"small-circle-2-copy","ip":0,"st":0,"ind":15,"hix":6,"ks":{"o":{"a":1,"k":[{"t":0,"s":[0],"e":[100],"i":{"x":[0.515],"y":[0.955]},"o":{"x":[0.455],"y":[0.03]}},{"t":46,"s":[100],"e":[100],"i":{"x":[1],"y":[1]},"o":{"x":[0],"y":[0]}},{"t":57,"s":[100],"e":[0],"i":{"x":[0.515],"y":[0.955]},"o":{"x":[0.455],"y":[0.03]}},{"t":79}]},"or":{"a":0,"k":[0,0,0]},"a":{"a":0,"k":[4.5,4.5,0]},"p":{"s":true,"x":{"a":1,"k":[{"t":0,"s":[275],"e":[275],"i":{"x":[1],"y":[1]},"o":{"x":[0],"y":[0]}},{"t":35,"s":[275],"e":[275],"i":{"x":[0.515],"y":[0.955]},"o":{"x":[0.455],"y":[0.03]}},{"t":79}]},"y":{"a":1,"k":[{"t":0,"s":[200],"e":[200],"i":{"x":[1],"y":[1]},"o":{"x":[0],"y":[0]}},{"t":35,"s":[200],"e":[427.5631103515625],"i":{"x":[0.515],"y":[0.955]},"o":{"x":[0.455],"y":[0.03]}},{"t":79}]}},"rx":{"a":0,"k":0},"ry":{"a":0,"k":0},"rz":{"a":1,"k":[{"t":0,"s":[0],"e":[0],"i":{"x":[1],"y":[1]},"o":{"x":[0],"y":[0]}},{"t":46,"s":[0],"e":[229.1831180523293],"i":{"x":[0.515],"y":[0.955]},"o":{"x":[0.455],"y":[0.03]}},{"t":79}]},"s":{"a":0,"k":[100,100,100]}},"shapes":[{"ty":"gr","nm":"small-circle-2-copy shape group","it":[{"ty":"sh","ks":{"a":0,"k":{"c":true,"v":[[4.5,0],[9,8],[0,8]],"i":[[0,0],[0,0],[0,0]],"o":[[0,0],[0,0],[0,0]]}}},{"ty":"st","o":{"a":0,"k":0},"w":{"a":0,"k":0},"c":{"a":0,"k":[0,0,0,0]},"lc":3,"lj":1,"ml":1},{"ty":"fl","o":{"a":0,"k":100},"r":1,"c":{"a":0,"k":[0.9921568627450981,0.615686274509804,0.18823529411764706,1]}},{"ty":"tr","o":{"a":0,"k":100},"a":{"a":0,"k":[0,0]},"s":{"a":0,"k":[100,100]},"p":{"a":0,"k":[0,0]},"r":{"a":0,"k":0}}]}],"op":150},{"ty":4,"nm":"small-circle-4-copy","ip":0,"st":0,"ind":14,"hix":4,"ks":{"o":{"a":1,"k":[{"t":0,"s":[0],"e":[100],"i":{"x":[0.515],"y":[0.955]},"o":{"x":[0.455],"y":[0.03]}},{"t":46,"s":[100],"e":[100],"i":{"x":[1],"y":[1]},"o":{"x":[0],"y":[0]}},{"t":57,"s":[100],"e":[0],"i":{"x":[0.515],"y":[0.955]},"o":{"x":[0.455],"y":[0.03]}},{"t":79}]},"or":{"a":0,"k":[0,0,0]},"a":{"a":0,"k":[4.5,4.5,0]},"p":{"s":true,"x":{"a":1,"k":[{"t":0,"s":[275],"e":[275],"i":{"x":[1],"y":[1]},"o":{"x":[0],"y":[0]}},{"t":35,"s":[275],"e":[567.88916015625],"i":{"x":[0.515],"y":[0.955]},"o":{"x":[0.455],"y":[0.03]}},{"t":79}]},"y":{"a":1,"k":[{"t":0,"s":[200],"e":[200],"i":{"x":[1],"y":[1]},"o":{"x":[0],"y":[0]}},{"t":35,"s":[200],"e":[368.70000610351565],"i":{"x":[0.515],"y":[0.955]},"o":{"x":[0.455],"y":[0.03]}},{"t":79}]}},"rx":{"a":0,"k":0},"ry":{"a":0,"k":0},"rz":{"a":0,"k":0},"s":{"a":0,"k":[100,100,100]}},"shapes":[{"ty":"gr","nm":"small-circle-4-copy shape group","it":[{"ty":"el","p":{"a":0,"k":[0,0]},"s":{"a":0,"k":[9,9]}},{"ty":"st","o":{"a":0,"k":0},"w":{"a":0,"k":0},"c":{"a":0,"k":[0,0,0,0]},"lc":3,"lj":1,"ml":1},{"ty":"fl","o":{"a":0,"k":100},"r":1,"c":{"a":0,"k":[0.9686274509803922,0.23921568627450981,0.6313725490196078,1]}},{"ty":"tr","o":{"a":0,"k":100},"a":{"a":0,"k":[0,0]},"s":{"a":0,"k":[100,-100]},"p":{"a":0,"k":[4.5,4.5]},"r":{"a":0,"k":180.02333923010465}}]}],"op":150},{"ty":4,"nm":"smaller-circle-5","ip":0,"st":0,"ind":13,"hix":10,"ks":{"o":{"a":1,"k":[{"t":0,"s":[0],"e":[0],"i":{"x":[0.515],"y":[0.955]},"o":{"x":[0.455],"y":[0.03]}},{"t":9,"s":[0],"e":[100],"i":{"x":[0.515],"y":[0.955]},"o":{"x":[0.455],"y":[0.03]}},{"t":10,"s":[100],"e":[100],"i":{"x":[0.515],"y":[0.955]},"o":{"x":[0.455],"y":[0.03]}},{"t":46,"s":[100],"e":[0],"i":{"x":[0.515],"y":[0.955]},"o":{"x":[0.455],"y":[0.03]}},{"t":70}]},"or":{"a":0,"k":[0,0,0]},"a":{"a":0,"k":[2.5,2.5,0]},"p":{"s":true,"x":{"a":1,"k":[{"t":0,"s":[275.3499755859375],"e":[323],"i":{"x":[0.515],"y":[0.955]},"o":{"x":[0.455],"y":[0.03]}},{"t":25,"s":[323],"e":[570.393],"i":{"x":[0.515],"y":[0.955]},"o":{"x":[0.455],"y":[0.03]}},{"t":70}]},"y":{"a":1,"k":[{"t":0,"s":[196.0680200609288],"e":[219.75],"i":{"x":[0.515],"y":[0.955]},"o":{"x":[0.455],"y":[0.03]}},{"t":25,"s":[219.75],"e":[417.975],"i":{"x":[0.515],"y":[0.955]},"o":{"x":[0.455],"y":[0.03]}},{"t":70}]}},"rx":{"a":0,"k":0},"ry":{"a":0,"k":0},"rz":{"a":0,"k":45.03448269728271},"s":{"a":1,"k":[{"t":0,"s":[100,100],"e":[100,100],"i":{"x":[1,1],"y":[1,1]},"o":{"x":[0,0],"y":[0,0]}},{"t":25,"s":[100,100],"e":[400,100],"i":{"x":[0.515,1],"y":[0.955,1]},"o":{"x":[0.455,0],"y":[0.03,0]}},{"t":70}]}},"shapes":[{"ty":"gr","nm":"smaller-circle-5 shape group","it":[{"ty":"el","p":{"a":0,"k":[0,0]},"s":{"a":0,"k":[5,5]}},{"ty":"st","o":{"a":0,"k":0},"w":{"a":0,"k":0},"c":{"a":0,"k":[0,0,0,0]},"lc":3,"lj":1,"ml":1},{"ty":"fl","o":{"a":0,"k":100},"r":1,"c":{"a":0,"k":[0.5019607843137255,0.25098039215686274,0.8509803921568627,1]}},{"ty":"tr","o":{"a":0,"k":100},"a":{"a":0,"k":[0,0]},"s":{"a":0,"k":[100,-100]},"p":{"a":0,"k":[2.5,2.5]},"r":{"a":0,"k":180.02333923010465}}]}],"op":150},{"ty":4,"nm":"smaller-circle-4","ip":0,"st":0,"ind":12,"hix":11,"ks":{"o":{"a":1,"k":[{"t":0,"s":[0],"e":[0],"i":{"x":[0.515],"y":[0.955]},"o":{"x":[0.455],"y":[0.03]}},{"t":9,"s":[0],"e":[100],"i":{"x":[0.515],"y":[0.955]},"o":{"x":[0.455],"y":[0.03]}},{"t":10,"s":[100],"e":[100],"i":{"x":[0.515],"y":[0.955]},"o":{"x":[0.455],"y":[0.03]}},{"t":46,"s":[100],"e":[0],"i":{"x":[0.515],"y":[0.955]},"o":{"x":[0.455],"y":[0.03]}},{"t":70}]},"or":{"a":0,"k":[0,0,0]},"a":{"a":0,"k":[2.5,2.5,0]},"p":{"s":true,"x":{"a":1,"k":[{"t":0,"s":[275.3499755859375],"e":[229.699951171875],"i":{"x":[0.515],"y":[0.955]},"o":{"x":[0.455],"y":[0.03]}},{"t":25,"s":[229.699951171875],"e":[-18.189],"i":{"x":[0.515],"y":[0.955]},"o":{"x":[0.455],"y":[0.03]}},{"t":70}]},"y":{"a":1,"k":[{"t":0,"s":[196.0680200609288],"e":[173.5],"i":{"x":[0.515],"y":[0.955]},"o":{"x":[0.455],"y":[0.03]}},{"t":25,"s":[173.5],"e":[-19.09],"i":{"x":[0.515],"y":[0.955]},"o":{"x":[0.455],"y":[0.03]}},{"t":70}]}},"rx":{"a":0,"k":0},"ry":{"a":0,"k":0},"rz":{"a":0,"k":45.09177847679579},"s":{"a":1,"k":[{"t":0,"s":[100,100],"e":[100,100],"i":{"x":[1,1],"y":[1,1]},"o":{"x":[0,0],"y":[0,0]}},{"t":25,"s":[100,100],"e":[400,100],"i":{"x":[0.515,1],"y":[0.955,1]},"o":{"x":[0.455,0],"y":[0.03,0]}},{"t":70}]}},"shapes":[{"ty":"gr","nm":"smaller-circle-4 shape group","it":[{"ty":"el","p":{"a":0,"k":[2,2]},"s":{"a":0,"k":[5,5]}},{"ty":"st","o":{"a":0,"k":0},"w":{"a":0,"k":0},"c":{"a":0,"k":[0,0,0,0]},"lc":3,"lj":1,"ml":1},{"ty":"fl","o":{"a":0,"k":100},"r":1,"c":{"a":0,"k":[0.23529411764705882,0.06274509803921569,0.4745098039215686,1]}},{"ty":"tr","o":{"a":0,"k":100},"a":{"a":0,"k":[0,0]},"s":{"a":0,"k":[100,100]},"p":{"a":0,"k":[0,0]},"r":{"a":0,"k":0}}]}],"op":150},{"ty":4,"nm":"smaller-circle-3","ip":0,"st":0,"ind":11,"hix":12,"ks":{"o":{"a":1,"k":[{"t":0,"s":[0],"e":[0],"i":{"x":[0.515],"y":[0.955]},"o":{"x":[0.455],"y":[0.03]}},{"t":9,"s":[0],"e":[100],"i":{"x":[0.515],"y":[0.955]},"o":{"x":[0.455],"y":[0.03]}},{"t":10,"s":[100],"e":[100],"i":{"x":[0.515],"y":[0.955]},"o":{"x":[0.455],"y":[0.03]}},{"t":46,"s":[100],"e":[0],"i":{"x":[0.515],"y":[0.955]},"o":{"x":[0.455],"y":[0.03]}},{"t":70}]},"or":{"a":0,"k":[0,0,0]},"a":{"a":0,"k":[2.5,2.5,0]},"p":{"s":true,"x":{"a":1,"k":[{"t":0,"s":[275.3499755859375],"e":[229.699951171875],"i":{"x":[0.515],"y":[0.955]},"o":{"x":[0.455],"y":[0.03]}},{"t":25,"s":[229.699951171875],"e":[-15.306],"i":{"x":[0.515],"y":[0.955]},"o":{"x":[0.455],"y":[0.03]}},{"t":70}]},"y":{"a":1,"k":[{"t":0,"s":[196.0680200609288],"e":[219.25],"i":{"x":[0.515],"y":[0.955]},"o":{"x":[0.455],"y":[0.03]}},{"t":25,"s":[219.25],"e":[417.265],"i":{"x":[0.515],"y":[0.955]},"o":{"x":[0.455],"y":[0.03]}},{"t":70}]}},"rx":{"a":0,"k":0},"ry":{"a":0,"k":0},"rz":{"a":0,"k":-225.0005261478743},"s":{"a":1,"k":[{"t":0,"s":[100,100],"e":[100,100],"i":{"x":[1,1],"y":[1,1]},"o":{"x":[0,0],"y":[0,0]}},{"t":25,"s":[100,100],"e":[400,100],"i":{"x":[0.515,1],"y":[0.955,1]},"o":{"x":[0.455,0],"y":[0.03,0]}},{"t":70}]}},"shapes":[{"ty":"gr","nm":"smaller-circle-3 shape group","it":[{"ty":"rc","s":{"a":0,"k":[2,5]},"r":{"a":0,"k":0},"p":{"a":0,"k":[2,2.5]}},{"ty":"st","o":{"a":0,"k":0},"w":{"a":0,"k":0},"c":{"a":0,"k":[0,0,0,0]},"lc":3,"lj":1,"ml":1},{"ty":"fl","o":{"a":0,"k":100},"r":1,"c":{"a":0,"k":[0.996078431372549,0.8823529411764706,0.7450980392156863,1]}},{"ty":"tr","o":{"a":0,"k":100},"a":{"a":0,"k":[0,0]},"s":{"a":0,"k":[100,100]},"p":{"a":0,"k":[0,0]},"r":{"a":0,"k":0}}]}],"op":150},{"ty":4,"nm":"smaller-circle-2","ip":0,"st":0,"ind":10,"hix":13,"ks":{"o":{"a":1,"k":[{"t":0,"s":[0],"e":[0],"i":{"x":[0.515],"y":[0.955]},"o":{"x":[0.455],"y":[0.03]}},{"t":9,"s":[0],"e":[100],"i":{"x":[0.515],"y":[0.955]},"o":{"x":[0.455],"y":[0.03]}},{"t":10,"s":[100],"e":[100],"i":{"x":[0.515],"y":[0.955]},"o":{"x":[0.455],"y":[0.03]}},{"t":46,"s":[100],"e":[0],"i":{"x":[0.515],"y":[0.955]},"o":{"x":[0.455],"y":[0.03]}},{"t":70}]},"or":{"a":0,"k":[0,0,0]},"a":{"a":0,"k":[2.5,2.5,0]},"p":{"s":true,"x":{"a":1,"k":[{"t":0,"s":[275.3499755859375],"e":[275],"i":{"x":[0.515],"y":[0.955]},"o":{"x":[0.455],"y":[0.03]}},{"t":25,"s":[275],"e":[277],"i":{"x":[0.515],"y":[0.955]},"o":{"x":[0.455],"y":[0.03]}},{"t":70}]},"y":{"a":1,"k":[{"t":0,"s":[196.0680200609288],"e":[240.50000000000003],"i":{"x":[0.515],"y":[0.955]},"o":{"x":[0.455],"y":[0.03]}},{"t":25,"s":[240.50000000000003],"e":[429.5631103515625],"i":{"x":[0.515],"y":[0.955]},"o":{"x":[0.455],"y":[0.03]}},{"t":70}]}},"rx":{"a":0,"k":0},"ry":{"a":0,"k":0},"rz":{"a":0,"k":90.06896539456542},"s":{"a":1,"k":[{"t":0,"s":[100,100],"e":[100,100],"i":{"x":[1,1],"y":[1,1]},"o":{"x":[0,0],"y":[0,0]}},{"t":25,"s":[100,100],"e":[400,100],"i":{"x":[0.515,1],"y":[0.955,1]},"o":{"x":[0.455,0],"y":[0.03,0]}},{"t":70}]}},"shapes":[{"ty":"gr","nm":"smaller-circle-2 shape group","it":[{"ty":"el","p":{"a":0,"k":[2,2]},"s":{"a":0,"k":[5,5]}},{"ty":"st","o":{"a":0,"k":0},"w":{"a":0,"k":0},"c":{"a":0,"k":[0,0,0,0]},"lc":3,"lj":1,"ml":1},{"ty":"fl","o":{"a":0,"k":100},"r":1,"c":{"a":0,"k":[1,0.6823529411764706,0.796078431372549,1]}},{"ty":"tr","o":{"a":0,"k":100},"a":{"a":0,"k":[0,0]},"s":{"a":0,"k":[100,100]},"p":{"a":0,"k":[0,0]},"r":{"a":0,"k":0}}]}],"op":150},{"ty":4,"nm":"smaller-circle-1","ip":0,"st":0,"ind":9,"hix":14,"ks":{"o":{"a":1,"k":[{"t":0,"s":[0],"e":[0],"i":{"x":[0.515],"y":[0.955]},"o":{"x":[0.455],"y":[0.03]}},{"t":9,"s":[0],"e":[100],"i":{"x":[0.515],"y":[0.955]},"o":{"x":[0.455],"y":[0.03]}},{"t":10,"s":[100],"e":[100],"i":{"x":[0.515],"y":[0.955]},"o":{"x":[0.455],"y":[0.03]}},{"t":46,"s":[100],"e":[0],"i":{"x":[0.515],"y":[0.955]},"o":{"x":[0.455],"y":[0.03]}},{"t":70}]},"or":{"a":0,"k":[0,0,0]},"a":{"a":0,"k":[2.5,2.5,0]},"p":{"s":true,"x":{"a":1,"k":[{"t":0,"s":[275.3499755859375],"e":[275.3499755859375],"i":{"x":[1],"y":[1]},"o":{"x":[0],"y":[0]}},{"t":25,"s":[275.3499755859375],"e":[273.5],"i":{"x":[0.515],"y":[0.955]},"o":{"x":[0.455],"y":[0.03]}},{"t":70}]},"y":{"a":1,"k":[{"t":0,"s":[196.0680200609288],"e":[155],"i":{"x":[0.515],"y":[0.955]},"o":{"x":[0.455],"y":[0.03]}},{"t":25,"s":[155],"e":[-24.589996337890625],"i":{"x":[0.515],"y":[0.955]},"o":{"x":[0.455],"y":[0.03]}},{"t":70}]}},"rx":{"a":0,"k":0},"ry":{"a":0,"k":0},"rz":{"a":1,"k":[{"t":0,"s":[-90.06896539456542],"e":[0],"i":{"x":[0.515],"y":[0.955]},"o":{"x":[0.455],"y":[0.03]}},{"t":25,"s":[0],"e":[114.59155902616465],"i":{"x":[0.515],"y":[0.955]},"o":{"x":[0.455],"y":[0.03]}},{"t":70}]},"s":{"a":0,"k":[100,100]}},"shapes":[{"ty":"gr","nm":"smaller-circle-1 shape group","it":[{"ty":"sh","ks":{"a":0,"k":{"c":true,"v":[[2.5,0],[5,4],[0,4]],"i":[[0,0],[0,0],[0,0]],"o":[[0,0],[0,0],[0,0]]}}},{"ty":"st","o":{"a":0,"k":0},"w":{"a":0,"k":0},"c":{"a":0,"k":[0,0,0,0]},"lc":3,"lj":1,"ml":1},{"ty":"fl","o":{"a":0,"k":100},"r":1,"c":{"a":0,"k":[0.9921568627450981,0.615686274509804,0.18823529411764706,1]}},{"ty":"tr","o":{"a":0,"k":100},"a":{"a":0,"k":[0,0]},"s":{"a":0,"k":[100,100]},"p":{"a":0,"k":[0,0]},"r":{"a":0,"k":0}}]}],"op":150},{"ty":4,"nm":"small-circle-6","ip":0,"st":0,"ind":8,"hix":16,"ks":{"o":{"a":1,"k":[{"t":0,"s":[0],"e":[0],"i":{"x":[0.515],"y":[0.955]},"o":{"x":[0.455],"y":[0.03]}},{"t":9,"s":[0],"e":[100],"i":{"x":[0.515],"y":[0.955]},"o":{"x":[0.455],"y":[0.03]}},{"t":10,"s":[100],"e":[0],"i":{"x":[0.515],"y":[0.955]},"o":{"x":[0.455],"y":[0.03]}},{"t":60}]},"or":{"a":0,"k":[0,0,0]},"a":{"a":0,"k":[4.5,4.5,0]},"p":{"s":true,"x":{"a":1,"k":[{"t":0,"s":[275.3499755859375],"e":[239.75],"i":{"x":[0.515],"y":[0.955]},"o":{"x":[0.455],"y":[0.03]}},{"t":10,"s":[239.75],"e":[108.5],"i":{"x":[0.515],"y":[0.955]},"o":{"x":[0.455],"y":[0.03]}},{"t":60}]},"y":{"a":1,"k":[{"t":0,"s":[196.0680200609288],"e":[236.5],"i":{"x":[0.515],"y":[0.955]},"o":{"x":[0.455],"y":[0.03]}},{"t":10,"s":[236.5],"e":[422.519],"i":{"x":[0.515],"y":[0.955]},"o":{"x":[0.455],"y":[0.03]}},{"t":60}]}},"rx":{"a":0,"k":0},"ry":{"a":0,"k":0},"rz":{"a":1,"k":[{"t":0,"s":[-59.98868115019719],"e":[0],"i":{"x":[0.515],"y":[0.955]},"o":{"x":[0.455],"y":[0.03]}},{"t":10,"s":[0],"e":[171.88733853924697],"i":{"x":[0.515],"y":[0.955]},"o":{"x":[0.455],"y":[0.03]}},{"t":60}]},"s":{"a":0,"k":[100,100]}},"shapes":[{"ty":"gr","nm":"small-circle-6 shape group","it":[{"ty":"rc","s":{"a":0,"k":[9,9]},"r":{"a":0,"k":0},"p":{"a":0,"k":[4.5,4.5]}},{"ty":"st","o":{"a":0,"k":0},"w":{"a":0,"k":0},"c":{"a":0,"k":[0,0,0,0]},"lc":3,"lj":1,"ml":1},{"ty":"fl","o":{"a":0,"k":100},"r":1,"c":{"a":0,"k":[0.40784313725490196,0.8274509803921568,0.5686274509803921,1]}},{"ty":"tr","o":{"a":0,"k":100},"a":{"a":0,"k":[0,0]},"s":{"a":0,"k":[100,100]},"p":{"a":0,"k":[0,0]},"r":{"a":0,"k":0}}]}],"op":150},{"ty":4,"nm":"small-circle-5","ip":0,"st":0,"ind":7,"hix":17,"ks":{"o":{"a":1,"k":[{"t":0,"s":[0],"e":[0],"i":{"x":[0.515],"y":[0.955]},"o":{"x":[0.455],"y":[0.03]}},{"t":9,"s":[0],"e":[100],"i":{"x":[0.515],"y":[0.955]},"o":{"x":[0.455],"y":[0.03]}},{"t":10,"s":[100],"e":[0],"i":{"x":[0.515],"y":[0.955]},"o":{"x":[0.455],"y":[0.03]}},{"t":60}]},"or":{"a":0,"k":[0,0,0]},"a":{"a":0,"k":[4.5,4.5,0]},"p":{"s":true,"x":{"a":1,"k":[{"t":0,"s":[275.3499755859375],"e":[229.199951171875],"i":{"x":[0.515],"y":[0.955]},"o":{"x":[0.455],"y":[0.03]}},{"t":10,"s":[229.199951171875],"e":[-18.557499999999997],"i":{"x":[0.515],"y":[0.955]},"o":{"x":[0.455],"y":[0.03]}},{"t":60}]},"y":{"a":1,"k":[{"t":0,"s":[196.0680200609288],"e":[198.25],"i":{"x":[0.515],"y":[0.955]},"o":{"x":[0.455],"y":[0.03]}},{"t":10,"s":[198.25],"e":[198.25],"i":{"x":[0.515],"y":[0.955]},"o":{"x":[0.455],"y":[0.03]}},{"t":60}]}},"rx":{"a":0,"k":0},"ry":{"a":0,"k":0},"rz":{"a":0,"k":0},"s":{"a":1,"k":[{"t":0,"s":[100,100],"e":[100,100],"i":{"x":[0.515,1],"y":[0.955,1]},"o":{"x":[0.455,0],"y":[0.03,0]}},{"t":10,"s":[100,100],"e":[220.1,100],"i":{"x":[0.515,1],"y":[0.955,1]},"o":{"x":[0.455,0],"y":[0.03,0]}},{"t":60}]}},"shapes":[{"ty":"gr","nm":"small-circle-5 shape group","it":[{"ty":"el","p":{"a":0,"k":[0,0]},"s":{"a":0,"k":[9,9]}},{"ty":"st","o":{"a":0,"k":0},"w":{"a":0,"k":0},"c":{"a":0,"k":[0,0,0,0]},"lc":3,"lj":1,"ml":1},{"ty":"fl","o":{"a":0,"k":100},"r":1,"c":{"a":0,"k":[0.8745098039215686,0.7803921568627451,0.7254901960784313,1]}},{"ty":"tr","o":{"a":0,"k":100},"a":{"a":0,"k":[0,0]},"s":{"a":0,"k":[100,-100]},"p":{"a":0,"k":[4.5,4.5]},"r":{"a":0,"k":180.02333923010465}}]}],"op":150},{"ty":4,"nm":"small-circle-4","ip":0,"st":0,"ind":6,"hix":18,"ks":{"o":{"a":1,"k":[{"t":0,"s":[0],"e":[0],"i":{"x":[0.515],"y":[0.955]},"o":{"x":[0.455],"y":[0.03]}},{"t":9,"s":[0],"e":[100],"i":{"x":[0.515],"y":[0.955]},"o":{"x":[0.455],"y":[0.03]}},{"t":10,"s":[100],"e":[0],"i":{"x":[0.515],"y":[0.955]},"o":{"x":[0.455],"y":[0.03]}},{"t":60}]},"or":{"a":0,"k":[0,0,0]},"a":{"a":0,"k":[4.5,4.5,0]},"p":{"s":true,"x":{"a":1,"k":[{"t":0,"s":[275.3499755859375],"e":[321.5],"i":{"x":[0.515],"y":[0.955]},"o":{"x":[0.455],"y":[0.03]}},{"t":10,"s":[321.5],"e":[562.428],"i":{"x":[0.515],"y":[0.955]},"o":{"x":[0.455],"y":[0.03]}},{"t":60}]},"y":{"a":1,"k":[{"t":0,"s":[196.0680200609288],"e":[198.25],"i":{"x":[0.515],"y":[0.955]},"o":{"x":[0.455],"y":[0.03]}},{"t":10,"s":[198.25],"e":[198.25],"i":{"x":[0.515],"y":[0.955]},"o":{"x":[0.455],"y":[0.03]}},{"t":60}]}},"rx":{"a":0,"k":0},"ry":{"a":0,"k":0},"rz":{"a":1,"k":[{"t":0,"s":[0],"e":[0],"i":{"x":[1],"y":[1]},"o":{"x":[0],"y":[0]}},{"t":10,"s":[0],"e":[229.1831180523293],"i":{"x":[0.515],"y":[0.955]},"o":{"x":[0.455],"y":[0.03]}},{"t":60}]},"s":{"a":0,"k":[100,100]}},"shapes":[{"ty":"gr","nm":"small-circle-4 shape group","it":[{"ty":"rc","s":{"a":0,"k":[9,9]},"r":{"a":0,"k":0},"p":{"a":0,"k":[4.5,4.5]}},{"ty":"st","o":{"a":0,"k":0},"w":{"a":0,"k":0},"c":{"a":0,"k":[0,0,0,0]},"lc":3,"lj":1,"ml":1},{"ty":"fl","o":{"a":0,"k":100},"r":1,"c":{"a":0,"k":[0.996078431372549,0.788235294117647,0.5450980392156862,1]}},{"ty":"tr","o":{"a":0,"k":100},"a":{"a":0,"k":[0,0]},"s":{"a":0,"k":[100,100]},"p":{"a":0,"k":[0,0]},"r":{"a":0,"k":0}}]}],"op":150},{"ty":4,"nm":"small-circle-3","ip":0,"st":0,"ind":5,"hix":19,"ks":{"o":{"a":1,"k":[{"t":0,"s":[0],"e":[0],"i":{"x":[0.515],"y":[0.955]},"o":{"x":[0.455],"y":[0.03]}},{"t":9,"s":[0],"e":[100],"i":{"x":[0.515],"y":[0.955]},"o":{"x":[0.455],"y":[0.03]}},{"t":10,"s":[100],"e":[0],"i":{"x":[0.515],"y":[0.955]},"o":{"x":[0.455],"y":[0.03]}},{"t":60}]},"or":{"a":0,"k":[0,0,0]},"a":{"a":0,"k":[4.5,4.5,0]},"p":{"s":true,"x":{"a":1,"k":[{"t":0,"s":[275.3499755859375],"e":[309],"i":{"x":[0.515],"y":[0.955]},"o":{"x":[0.455],"y":[0.03]}},{"t":10,"s":[309],"e":[433.8089599609375],"i":{"x":[0.515],"y":[0.955]},"o":{"x":[0.455],"y":[0.03]}},{"t":60}]},"y":{"a":1,"k":[{"t":0,"s":[196.0680200609288],"e":[235.5],"i":{"x":[0.515],"y":[0.955]},"o":{"x":[0.455],"y":[0.03]}},{"t":10,"s":[235.5],"e":[422.01904296875],"i":{"x":[0.515],"y":[0.955]},"o":{"x":[0.455],"y":[0.03]}},{"t":60}]}},"rx":{"a":0,"k":0},"ry":{"a":0,"k":0},"rz":{"a":1,"k":[{"t":0,"s":[45.03448269728271],"e":[0],"i":{"x":[0.515],"y":[0.955]},"o":{"x":[0.455],"y":[0.03]}},{"t":10,"s":[0],"e":[-114.59155902616465],"i":{"x":[0.515],"y":[0.955]},"o":{"x":[0.455],"y":[0.03]}},{"t":60}]},"s":{"a":0,"k":[100,100]}},"shapes":[{"ty":"gr","nm":"small-circle-3 shape group","it":[{"ty":"rc","s":{"a":0,"k":[2,9]},"r":{"a":0,"k":1},"p":{"a":0,"k":[4,4.5]}},{"ty":"st","o":{"a":0,"k":0},"w":{"a":0,"k":0},"c":{"a":0,"k":[0,0,0,0]},"lc":3,"lj":1,"ml":1},{"ty":"fl","o":{"a":0,"k":100},"r":1,"c":{"a":0,"k":[0.9686274509803922,0.23921568627450981,0.6313725490196078,1]}},{"ty":"tr","o":{"a":0,"k":100},"a":{"a":0,"k":[0,0]},"s":{"a":0,"k":[100,100]},"p":{"a":0,"k":[0,0]},"r":{"a":0,"k":0}}]}],"op":150},{"ty":4,"nm":"small-circle-2","ip":0,"st":0,"ind":4,"hix":20,"ks":{"o":{"a":1,"k":[{"t":0,"s":[0],"e":[0],"i":{"x":[0.515],"y":[0.955]},"o":{"x":[0.455],"y":[0.03]}},{"t":9,"s":[0],"e":[100],"i":{"x":[0.515],"y":[0.955]},"o":{"x":[0.455],"y":[0.03]}},{"t":10,"s":[100],"e":[0],"i":{"x":[0.515],"y":[0.955]},"o":{"x":[0.455],"y":[0.03]}},{"t":60}]},"or":{"a":0,"k":[0,0,0]},"a":{"a":0,"k":[4.5,4.5,0]},"p":{"s":true,"x":{"a":1,"k":[{"t":0,"s":[275.3499755859375],"e":[308.5],"i":{"x":[0.515],"y":[0.955]},"o":{"x":[0.455],"y":[0.03]}},{"t":10,"s":[308.5],"e":[434.309],"i":{"x":[0.515],"y":[0.955]},"o":{"x":[0.455],"y":[0.03]}},{"t":60}]},"y":{"a":1,"k":[{"t":0,"s":[196.0680200609288],"e":[155.5],"i":{"x":[0.515],"y":[0.955]},"o":{"x":[0.455],"y":[0.03]}},{"t":10,"s":[155.5],"e":[-15],"i":{"x":[0.515],"y":[0.955]},"o":{"x":[0.455],"y":[0.03]}},{"t":60}]}},"rx":{"a":0,"k":0},"ry":{"a":0,"k":0},"rz":{"a":1,"k":[{"t":0,"s":[-60.04597692971028],"e":[57.29577951308232],"i":{"x":[0.515],"y":[0.955]},"o":{"x":[0.455],"y":[0.03]}},{"t":60,"s":[57.29577951308232],"e":[0],"i":{"x":[0.515],"y":[0.955]},"o":{"x":[0.455],"y":[0.03]}},{"t":99}]},"s":{"a":0,"k":[100,100]}},"shapes":[{"ty":"gr","nm":"small-circle-2 shape group","it":[{"ty":"sh","ks":{"a":0,"k":{"c":true,"v":[[4.5,0],[5.51031,3.10942],[8.77975,3.10942],[6.13472,5.03115],[7.14503,8.14058],[4.5,6.21885],[1.85497,8.14058],[2.86528,5.03115],[0.220246,3.10942],[3.48969,3.10942]],"i":[[0,0],[0,0],[0,0],[0,0],[0,0],[0,0],[0,0],[0,0],[0,0],[0,0]],"o":[[0,0],[0,0],[0,0],[0,0],[0,0],[0,0],[0,0],[0,0],[0,0],[0,0]]}}},{"ty":"st","o":{"a":0,"k":0},"w":{"a":0,"k":0},"c":{"a":0,"k":[0,0,0,0]},"lc":3,"lj":1,"ml":1},{"ty":"fl","o":{"a":0,"k":100},"r":1,"c":{"a":0,"k":[0.9686274509803922,0.23921568627450981,0.6313725490196078,1]}},{"ty":"tr","o":{"a":0,"k":100},"a":{"a":0,"k":[0,0]},"s":{"a":0,"k":[100,100]},"p":{"a":0,"k":[0,0]},"r":{"a":0,"k":0}}]}],"op":150},{"ty":4,"nm":"small-circle-1","ip":0,"st":0,"ind":3,"hix":21,"ks":{"o":{"a":1,"k":[{"t":0,"s":[0],"e":[0],"i":{"x":[0.515],"y":[0.955]},"o":{"x":[0.455],"y":[0.03]}},{"t":3,"s":[0],"e":[100],"i":{"x":[0.515],"y":[0.955]},"o":{"x":[0.455],"y":[0.03]}},{"t":10,"s":[100],"e":[0],"i":{"x":[0.515],"y":[0.955]},"o":{"x":[0.455],"y":[0.03]}},{"t":60}]},"or":{"a":0,"k":[0,0,0]},"a":{"a":0,"k":[4.5,4.5,0]},"p":{"s":true,"x":{"a":1,"k":[{"t":0,"s":[275.3499755859375],"e":[239],"i":{"x":[0.515],"y":[0.955]},"o":{"x":[0.455],"y":[0.03]}},{"t":10,"s":[239],"e":[109],"i":{"x":[0.515],"y":[0.955]},"o":{"x":[0.455],"y":[0.03]}},{"t":60}]},"y":{"a":1,"k":[{"t":0,"s":[196.0680200609288],"e":[155.5],"i":{"x":[0.515],"y":[0.955]},"o":{"x":[0.455],"y":[0.03]}},{"t":10,"s":[155.5],"e":[-14.5],"i":{"x":[0.515],"y":[0.955]},"o":{"x":[0.455],"y":[0.03]}},{"t":60}]}},"rx":{"a":0,"k":0},"ry":{"a":0,"k":0},"rz":{"a":1,"k":[{"t":0,"s":[45.03448269728271],"e":[0],"i":{"x":[0.515],"y":[0.955]},"o":{"x":[0.455],"y":[0.03]}},{"t":10,"s":[0],"e":[-229.1831180523293],"i":{"x":[0.515],"y":[0.955]},"o":{"x":[0.455],"y":[0.03]}},{"t":60}]},"s":{"a":0,"k":[100,100]}},"shapes":[{"ty":"gr","nm":"small-circle-1 shape group","it":[{"ty":"sh","ks":{"a":0,"k":{"c":true,"v":[[4.5,0],[9,8],[0,8]],"i":[[0,0],[0,0],[0,0]],"o":[[0,0],[0,0],[0,0]]}}},{"ty":"st","o":{"a":0,"k":0},"w":{"a":0,"k":0},"c":{"a":0,"k":[0,0,0,0]},"lc":3,"lj":1,"ml":1},{"ty":"fl","o":{"a":0,"k":100},"r":1,"c":{"a":0,"k":[0.807843137254902,0.6705882352941176,0.592156862745098,1]}},{"ty":"tr","o":{"a":0,"k":100},"a":{"a":0,"k":[0,0]},"s":{"a":0,"k":[100,100]},"p":{"a":0,"k":[0,0]},"r":{"a":0,"k":0}}]}],"op":150},{"ty":4,"nm":"black-circle","ip":0,"st":0,"ind":2,"hix":8,"ks":{"o":{"a":1,"k":[{"t":0,"s":[0],"e":[100],"i":{"x":[0.515],"y":[0.955]},"o":{"x":[0.455],"y":[0.03]}},{"t":18,"s":[100],"e":[100],"i":{"x":[0.515],"y":[0.955]},"o":{"x":[0.455],"y":[0.03]}},{"t":51,"s":[100],"e":[0],"i":{"x":[0.515],"y":[0.955]},"o":{"x":[0.455],"y":[0.03]}},{"t":60}]},"or":{"a":0,"k":[0,0,0]},"a":{"a":0,"k":[68,68,0]},"p":{"s":true,"x":{"a":1,"k":[{"t":0,"s":[275.3499755859375],"e":[275.01464843749994],"i":{"x":[0.515],"y":[0.955]},"o":{"x":[0.455],"y":[0.03]}},{"t":54,"s":[275.01464843749994],"e":[274.771],"i":{"x":[0.515],"y":[0.955]},"o":{"x":[0.455],"y":[0.03]}},{"t":99}]},"y":{"a":1,"k":[{"t":0,"s":[196.0680200609288],"e":[197.75],"i":{"x":[0.515],"y":[0.955]},"o":{"x":[0.455],"y":[0.03]}},{"t":54}]}},"rx":{"a":0,"k":0},"ry":{"a":0,"k":0},"rz":{"a":0,"k":0},"s":{"a":1,"k":[{"t":0,"s":[0,0],"e":[100,100],"i":{"x":[0.515,0.515],"y":[0.955,0.955]},"o":{"x":[0.455,0.455],"y":[0.03,0.03]}},{"t":6,"s":[100,100],"e":[400,400],"i":{"x":[0.515,0.515],"y":[0.955,0.955]},"o":{"x":[0.455,0.455],"y":[0.03,0.03]}},{"t":60}]}},"shapes":[{"ty":"gr","nm":"black-circle shape group","it":[{"ty":"sh","ks":{"a":1,"k":[{"t":0,"s":[{"c":true,"v":[[68,0],[136,68],[68,136],[0,68]],"i":[[-37.555362403172055,0],[0,-37.555362403172055],[37.555362403172055,0],[0,37.555362403172055]],"o":[[37.555362403172055,0],[0,37.555362403172055],[-37.555362403172055,0],[0,-37.555362403172055]]}],"e":[{"c":true,"v":[[68,-0.22466087341308594],[136,67.77533912658691],[68,135.7753391265869],[0,67.77533912658691]],"i":[[-37.555362403172055,0],[0,-37.555362403172055],[37.555362403172055,0],[0,37.555362403172055]],"o":[[37.555362403172055,0],[0,37.555362403172055],[-37.555362403172055,0],[0,-37.555362403172055]]}],"i":{"x":[0.515],"y":[0.955]},"o":{"x":[0.455],"y":[0.03]}},{"t":31}]}},{"ty":"st","o":{"a":0,"k":0},"w":{"a":0,"k":0},"c":{"a":0,"k":[0,0,0,0]},"lc":3,"lj":1,"ml":1},{"ty":"fl","o":{"a":0,"k":100},"r":1,"c":{"a":0,"k":[0.40784313725490196,0.8274509803921568,0.5686274509803921,1]}},{"ty":"tr","o":{"a":0,"k":5},"a":{"a":0,"k":[0,0]},"s":{"a":0,"k":[100,100]},"p":{"a":0,"k":[0,0]},"r":{"a":0,"k":0}}]}],"op":150},{"ty":4,"nm":"green-circle-2","ip":0,"st":0,"ind":1,"hix":1,"ks":{"o":{"a":0,"k":100},"or":{"a":0,"k":[0,0,0]},"a":{"a":0,"k":[38,38,0]},"p":{"s":true,"x":{"a":0,"k":275},"y":{"a":0,"k":200}},"rx":{"a":0,"k":0},"ry":{"a":0,"k":0},"rz":{"a":0,"k":0},"s":{"a":1,"k":[{"t":0,"s":[0,0],"e":[0,0],"i":{"x":[1,1],"y":[1,1]},"o":{"x":[0,0],"y":[0,0]}},{"t":80,"s":[0,0],"e":[0.7525000000000001,0.7525000000000001],"i":{"x":[0.565,0.565],"y":[1,1]},"o":{"x":[0.39,0.39],"y":[0.575,0.575]}},{"t":87,"s":[0.7525000000000001,0.7525000000000001],"e":[0,0],"i":{"x":[0.745,0.745],"y":[0.715,0.715]},"o":{"x":[0.47,0.47],"y":[0,0]}},{"t":90,"s":[0,0],"e":[-3.0100000000000002,-3.0100000000000002],"i":{"x":[0.565,0.565],"y":[1,1]},"o":{"x":[0.39,0.39],"y":[0.575,0.575]}},{"t":94,"s":[-3.0100000000000002,-3.0100000000000002],"e":[0,0],"i":{"x":[0.745,0.745],"y":[0.715,0.715]},"o":{"x":[0.47,0.47],"y":[0,0]}},{"t":97,"s":[0,0],"e":[175,175],"i":{"x":[0.6,0.6],"y":[-1.5,-1.5]},"o":{"x":[0.633,0.633],"y":[0.444,0.444]}},{"t":115,"s":[175,175],"e":[350,350],"i":{"x":[0.367,0.367],"y":[0.556,0.556]},"o":{"x":[0.4,0.4],"y":[2.5,2.5]}},{"t":132,"s":[350,350],"e":[353.01,353.01],"i":{"x":[0.565,0.565],"y":[1,1]},"o":{"x":[0.39,0.39],"y":[0.575,0.575]}},{"t":135,"s":[353.01,353.01],"e":[350,350],"i":{"x":[0.745,0.745],"y":[0.715,0.715]},"o":{"x":[0.47,0.47],"y":[0,0]}},{"t":139,"s":[350,350],"e":[349.2475,349.2475],"i":{"x":[0.565,0.565],"y":[1,1]},"o":{"x":[0.39,0.39],"y":[0.575,0.575]}},{"t":142,"s":[349.2475,349.2475],"e":[350,350],"i":{"x":[0.745,0.745],"y":[0.715,0.715]},"o":{"x":[0.47,0.47],"y":[0,0]}},{"t":150}]}},"shapes":[{"ty":"gr","nm":"green-circle-2 shape group","it":[{"ty":"el","p":{"a":0,"k":[38,38]},"s":{"a":0,"k":[76,76]}},{"ty":"st","o":{"a":0,"k":0},"w":{"a":0,"k":0},"c":{"a":0,"k":[0,0,0,0]},"lc":3,"lj":1,"ml":1},{"ty":"fl","o":{"a":0,"k":100},"r":1,"c":{"a":0,"k":[0.40784313725490196,0.8274509803921568,0.5686274509803921,1]}},{"ty":"tr","o":{"a":0,"k":10},"a":{"a":0,"k":[0,0]},"s":{"a":0,"k":[100,100]},"p":{"a":0,"k":[0,0]},"r":{"a":0,"k":0}}]}],"op":150}],"op":150,"w":550,"h":400}